Argument ID	Self-direction: thought	Self-direction: action	Stimulation	Hedonism	Achievement	Power: dominance	Power: resources	Face	Security: personal	Security: societal	Tradition	Conformity: rules	Conformity: interpersonal	Humility	Benevolence: caring	Benevolence: dependability	Universalism: concern	Universalism: nature	Universalism: tolerance	Universalism: objectivity
A01004	0	0	0	0	0	0	0	0	1	0	0	0	0	0	0	0	0	0	0	0
A01005	0	0	0	0	0	0	0	0	1	0	0	0	0	0	0	0	0	0	0	0
A01006	0	0	0	0	0	1	0	0	0	1	0	0	0	0	0	0	0	0	0	0
A01010	1	1	0	0	0	0	0	0	0	0	1	0	0	0	0	0	1	0	0	0
A01017	0	0	0	0	1	0	0	0	0	0	0	0	0	0	0	0	0	0	0	1
A02015	1	0	0	0	0	0	0	0	0	0	0	0	0	0	0	0	0	0	0	0
A03015	0	0	0	0	0	0	0	0	0	0	0	1	1	0	0	0	0	0	0	0
A03016	0	0	0	0	0	0	0	0	0	0	0	0	0	0	0	1	1	0	0	0
A04005	0	0	0	0	1	0	0	0	0	0	0	0	0	0	0	0	0	0	0	1
A04007	0	0	0	0	0	0	0	0	1	0	1	0	0	0	0	0	0	0	0	0
A04018	0	0	0	0	0	0	0	0	1	0	0	0	0	0	0	0	0	0	0	0
A05015	1	1	0	0	1	0	0	0	0	0	0	0	0	0	0	0	0	0	1	0
A05019	0	0	0	0	0	0	0	0	0	0	0	0	0	1	0	0	1	0	0	1
A05035	0	1	0	0	0	0	0	0	0	1	1	0	0	0	0	0	1	0	0	0
A05037	1	1	0	0	1	0	0	0	0	0	0	0	0	0	0	0	0	0	0	0
A05038	1	1	0	0	0	0	0	0	0	0	0	0	0	0	0	0	0	0	0	0
A05045	0	0	0	0	0	0	0	0	0	0	0	0	0	0	1	0	0	0	0	1
A05054	0	0	0	0	0	0	0	0	0	1	0	1	0	0	1	0	0	0	0	0
A05055	0	0	0	0	0	0	0	0	0	0	0	0	0	0	0	0	1	0	1	1
A05056	0	0	0	0	0	0	0	0	0	0	0	1	1	0	1	0	1	0	0	1
A05059	0	0	0	0	0	0	0	0	1	0	0	0	0	0	0	0	1	0	1	0
A05064	0	0	0	0	0	0	0	0	0	0	0	0	0	0	0	0	0	1	0	0
A05069	0	0	0	0	0	0	0	0	1	1	1	0	0	0	0	0	0	0	0	0
A05076	0	0	0	0	1	0	0	0	0	0	0	0	0	0	0	0	0	0	0	0
A05079	0	0	0	0	0	0	0	0	0	1	0	0	0	0	1	0	0	0	0	0
A05088	1	1	1	1	0	0	0	0	0	0	0	0	0	0	0	0	0	0	0	0
A05096	1	0	0	0	0	0	0	0	0	0	1	0	0	0	0	0	1	0	0	0
A05097	0	0	0	0	0	0	0	0	0	1	0	1	0	0	0	1	0	0	0	0
A05100	1	1	0	1	0	0	0	0	0	0	0	0	0	0	1	0	0	0	0	0
A07011	0	0	0	0	0	0	1	0	1	1	0	0	0	0	0	1	0	0	0	1
A07012	1	1	0	0	0	0	0	0	0	1	0	0	0	0	1	1	0	0	1	1
A07020	0	0	0	0	0	0	0	0	0	1	0	0	0	0	1	0	1	0	1	0
A07023	0	1	1	0	1	0	0	0	0	0	0	0	0	0	0	1	0	0	0	0
A07024	0	1	0	0	0	0	1	0	1	0	0	0	0	0	1	0	0	0	0	0
A07025	0	0	0	0	0	0	0	0	1	1	0	0	0	0	1	0	1	0	0	1
A07029	0	1	0	0	0	0	0	0	0	1	0	0	0	0	1	0	0	0	1	1
A07050	0	1	0	1	0	0	0	0	1	0	0	0	0	0	0	0	0	0	0	0
A07051	1	1	0	1	0	0	0	0	0	0	0	0	0	0	0	0	1	0	1	0
A07052	0	0	0	0	1	0	0	0	0	1	0	1	0	0	1	0	0	0	0	1
A07060	0	1	0	0	0	0	0	0	1	0	0	0	0	0	1	0	0	0	0	0
A07063	0	0	0	0	0	0	0	0	0	1	1	0	0	0	0	0	0	0	0	0
A07071	0	1	0	0	0	0	0	0	1	1	0	1	0	0	0	1	1	0	0	0
A07073	0	1	0	1	1	0	0	0	1	0	0	0	0	1	0	0	0	0	1	1
A07080	0	0	0	0	0	0	0	0	0	1	0	1	1	0	0	0	1	0	0	1
A07085	0	0	0	0	0	0	0	0	1	0	0	0	0	0	1	1	0	0	0	1
A07087	1	1	0	0	0	0	0	0	0	1	0	0	0	0	0	0	0	0	1	0
A07093	0	0	0	0	0	0	0	0	1	0	0	0	0	0	1	0	0	0	0	0
A07096	1	1	0	0	0	0	0	0	0	0	0	1	1	0	0	0	0	0	0	0
A08018	0	0	0	0	0	0	0	0	0	1	0	0	0	0	0	0	1	0	0	0
A09003	1	1	0	0	1	0	0	0	0	0	0	0	0	0	1	0	1	0	0	0
A09022	0	0	0	0	0	0	0	0	0	1	0	1	0	0	0	0	0	0	0	1
A09023	0	0	0	0	0	0	0	0	0	0	0	1	1	0	1	0	0	0	0	0
A09045	0	0	0	0	0	1	0	0	0	0	0	0	0	0	1	0	0	0	0	0
A09052	0	1	0	1	0	0	0	1	0	0	1	0	0	0	0	0	0	0	0	0
A09060	0	0	1	0	1	0	0	0	1	0	1	0	0	0	0	0	1	0	0	0
A09064	0	0	0	0	0	0	1	0	1	0	0	0	0	0	0	0	0	0	0	0
A09068	1	1	1	0	0	0	0	0	0	0	0	0	0	0	0	0	0	0	0	0
A09073	0	0	1	0	1	0	0	0	0	0	0	0	0	0	0	0	0	1	0	0
A09087	0	0	0	0	0	0	0	0	0	1	0	1	0	0	1	0	1	1	0	0
A09093	0	0	1	0	1	0	0	0	0	0	0	0	1	1	0	0	1	0	0	0
A09095	0	0	0	0	1	0	0	0	0	0	0	0	0	0	1	1	1	0	0	0
A10009	0	0	0	0	0	0	0	0	1	0	0	0	0	0	0	0	0	0	0	1
A10014	0	0	0	0	0	0	0	0	0	1	0	1	0	0	0	0	1	0	0	0
A10020	0	0	0	0	0	0	0	0	0	1	0	0	0	0	0	0	0	0	0	0
A12002	0	1	0	0	0	0	0	0	1	0	0	0	0	0	1	0	1	1	0	0
A12006	1	1	0	0	0	0	0	0	1	1	0	1	0	0	0	0	0	0	0	0
A12009	0	0	1	0	0	0	0	0	1	0	0	0	0	0	1	0	0	0	0	0
A12014	0	1	0	0	0	0	0	0	1	0	0	0	0	0	0	0	0	0	0	0
A12026	1	0	0	0	1	0	0	0	0	0	0	0	0	0	1	0	0	0	0	0
A12034	0	0	0	0	0	0	0	0	1	0	0	0	1	0	0	0	1	0	1	1
A12039	0	0	0	0	0	1	0	0	1	0	0	1	0	0	0	0	1	0	0	0
A12042	0	1	0	0	0	0	0	0	0	0	0	0	0	1	0	0	0	0	0	0
A12086	0	0	0	0	0	0	0	0	1	1	0	0	0	0	1	0	0	0	0	1
A12098	0	0	0	0	1	0	0	0	0	1	0	0	0	1	0	0	0	0	0	0
A12099	1	0	0	0	1	0	0	0	0	0	0	0	0	0	0	0	0	0	0	0
A12102	0	0	0	0	0	0	0	0	1	0	0	0	0	1	0	1	0	0	0	0
A12106	0	1	0	0	1	0	0	0	0	0	0	0	0	0	0	0	0	0	1	0
A12110	0	0	0	0	0	0	0	0	0	0	1	0	0	1	0	0	0	0	1	0
A12123	0	0	0	0	0	0	0	0	1	0	0	0	0	0	0	0	0	0	1	0
A12127	0	1	0	0	0	0	0	0	0	0	0	0	0	0	1	0	1	0	1	0
A12134	0	0	0	0	0	0	0	0	0	0	0	0	0	0	0	0	0	0	0	1
A12137	0	0	0	0	0	0	0	0	1	0	1	0	0	0	1	0	0	0	0	0
A12140	0	1	0	1	0	0	0	0	0	0	1	0	0	0	0	0	0	0	1	0
A12148	0	1	1	1	0	0	0	1	1	0	0	0	0	0	0	0	0	0	0	0
A12155	0	0	0	0	0	0	0	0	0	0	0	0	0	1	0	1	0	1	0	1
A12156	0	1	0	0	0	0	0	0	1	0	0	0	0	0	1	0	1	0	0	0
A12166	0	0	0	0	1	0	1	0	0	0	0	0	0	0	0	0	0	0	0	1
A12167	1	1	0	0	0	1	0	0	0	1	0	0	0	0	0	0	0	0	0	1
A12168	0	1	1	0	1	0	0	0	0	0	0	0	0	0	1	0	1	0	0	0
A12181	0	1	0	0	0	0	1	0	1	0	0	0	0	0	0	0	0	0	0	1
A12182	0	0	0	1	0	0	0	0	0	0	0	0	0	0	1	0	0	0	0	0
A12185	0	0	0	0	0	0	0	0	0	1	0	1	0	0	0	0	1	0	0	0
A12212	0	0	0	0	0	0	0	0	1	0	0	1	0	0	1	0	0	1	0	0
A12217	0	0	0	0	0	0	0	0	0	0	0	0	0	1	0	0	0	0	0	0
A12218	0	0	0	0	0	0	0	0	0	0	0	1	0	0	0	0	0	0	0	0
A12224	0	0	0	0	0	1	0	0	0	0	0	0	0	0	1	0	0	1	0	0
A12230	0	0	0	0	0	0	0	0	1	0	0	0	0	0	0	0	1	0	0	0
A12239	0	0	0	0	0	0	0	1	1	0	0	0	0	0	1	0	1	0	0	0
A12257	0	0	0	0	0	0	0	0	0	1	0	1	0	0	0	0	1	0	0	1
A12262	1	1	1	0	0	0	0	0	0	0	0	0	0	0	0	0	0	0	1	0
A12266	0	0	0	0	0	0	0	0	1	0	0	0	0	0	0	0	1	0	1	0
A12269	0	0	0	0	0	0	0	0	0	0	0	0	0	0	1	0	1	0	0	0
A12271	0	0	0	0	0	0	0	0	0	0	1	1	0	0	0	0	0	0	0	0
A12280	0	1	0	0	0	1	0	1	0	0	0	0	0	0	0	0	0	0	0	0
A12288	1	0	0	0	1	0	0	0	0	0	0	0	0	0	0	0	0	0	0	0
A12302	0	0	0	0	0	0	0	0	0	0	0	0	0	0	1	0	1	0	1	1
A12305	0	1	1	1	1	0	0	0	0	0	0	0	0	0	0	0	1	0	0	0
A12313	0	1	0	0	0	0	0	0	0	1	0	0	1	0	1	0	1	0	1	0
A12315	0	0	0	0	0	0	0	0	0	1	0	1	0	0	1	0	1	0	1	0
A12328	0	1	0	0	0	0	0	0	1	0	0	0	1	0	0	0	0	0	0	0
A12333	0	0	0	0	0	0	0	0	0	1	0	0	0	0	0	1	0	0	0	0
A12336	0	1	0	0	0	0	0	0	1	1	0	0	0	0	0	0	0	0	0	0
A12337	0	0	0	0	0	0	0	0	0	1	0	1	0	0	0	0	1	0	0	0
A12343	0	0	0	0	0	0	0	0	1	0	0	0	0	1	0	0	0	0	0	0
A12345	0	0	0	0	0	0	0	0	0	0	0	0	0	0	0	0	0	1	0	0
A12348	0	1	0	0	0	0	0	0	0	0	0	0	0	0	1	1	1	0	1	1
A12364	0	1	0	0	0	0	0	0	1	0	0	0	0	0	0	0	0	0	0	0
A12377	0	0	0	0	0	0	0	0	0	1	0	1	0	0	0	0	1	0	0	0
A12379	0	0	0	0	0	0	0	0	0	0	0	0	0	0	1	0	1	0	1	0
A12392	0	0	0	0	1	1	1	0	1	1	0	0	0	0	1	0	0	0	0	0
A12397	0	0	0	0	0	0	0	0	0	0	0	0	0	0	1	0	1	0	0	0
A12402	0	1	0	1	0	0	0	0	1	1	0	1	0	0	0	0	0	1	0	0
A12403	0	1	0	0	0	0	0	0	0	1	1	0	0	0	1	0	0	0	0	0
A12408	0	1	0	0	0	0	0	0	0	0	0	0	0	0	0	0	0	0	1	1
A12409	0	0	0	0	0	0	0	0	0	0	0	0	0	0	0	0	1	0	1	1
A12414	0	0	0	0	0	0	0	0	0	1	0	1	0	0	0	1	1	0	0	0
A12418	0	0	0	0	0	0	0	0	0	1	0	0	0	0	0	0	0	0	0	0
A12426	0	0	0	0	0	0	0	0	0	1	0	0	0	0	0	0	1	0	0	0
A12440	0	0	0	1	0	0	1	1	1	1	0	0	0	0	0	0	1	0	0	0
A12447	0	0	0	0	0	0	0	0	1	0	0	0	0	0	1	0	0	0	0	0
A12454	0	1	0	0	0	0	1	0	0	0	0	0	0	0	0	0	0	0	0	0
A12457	0	1	0	0	1	0	0	0	0	0	0	0	0	0	0	0	0	0	0	0
A12458	0	0	0	0	0	0	0	0	0	1	0	1	0	0	1	0	0	0	0	0
A12459	0	0	0	0	0	0	0	0	0	0	0	0	0	1	0	0	0	1	0	0
A12464	0	0	0	0	0	0	0	0	0	0	0	0	0	0	0	0	0	0	0	1
A12465	0	0	0	0	0	0	0	0	0	0	0	0	0	0	0	0	1	0	0	0
A12475	0	0	0	0	0	0	1	0	0	0	0	1	0	0	1	0	1	0	0	0
A12488	1	1	0	0	1	0	0	0	0	0	0	0	0	0	0	0	0	1	0	1
A12492	0	0	0	0	0	0	0	0	1	0	0	0	0	0	1	0	0	0	0	0
A13001	0	0	0	0	0	0	0	0	1	0	0	0	0	0	0	0	1	0	0	0
A13012	0	0	0	0	0	0	1	0	0	0	0	0	0	0	0	0	0	0	0	0
A13013	0	0	0	0	0	0	0	0	0	1	0	0	0	0	0	0	1	0	0	1
A14002	0	1	0	0	0	0	0	0	0	0	0	0	0	0	0	0	0	1	0	0
A14003	0	0	1	0	0	0	0	0	0	1	0	1	0	0	0	0	0	0	0	0
A14006	0	1	0	0	1	1	0	0	0	0	0	0	0	0	0	0	0	0	1	0
A14008	0	1	0	0	0	0	0	0	0	0	1	0	0	0	0	0	1	0	1	0
A14013	0	0	0	0	0	0	0	0	0	0	0	0	0	0	0	0	0	0	0	1
A14015	0	0	0	0	0	0	0	0	0	0	0	0	0	0	0	0	0	1	0	0
A15011	0	0	0	0	0	0	0	0	0	0	0	1	1	0	0	0	1	0	0	0
A15019	0	0	0	0	0	1	0	0	0	0	0	0	0	0	0	0	0	0	0	0
A17002	0	0	0	0	0	1	0	0	0	1	1	1	0	0	1	0	0	0	0	0
A17003	0	1	0	0	1	1	0	1	1	0	0	1	0	0	0	0	0	0	1	0
A17011	0	0	0	0	0	1	1	0	0	1	0	0	0	0	0	0	0	0	0	0
A17015	0	0	0	0	0	0	0	0	1	0	0	0	0	0	0	0	1	0	0	1
A18003	0	1	0	0	0	0	0	0	1	0	0	0	0	0	1	0	0	0	0	0
A18005	0	1	1	0	0	0	0	0	0	0	0	0	0	0	0	0	1	0	0	0
A18009	0	0	0	0	1	0	0	0	0	0	0	0	0	0	0	0	1	0	0	0
A18011	1	1	0	0	1	0	0	0	0	0	0	1	0	0	0	0	0	0	0	0
A18027	0	0	0	0	0	0	1	0	1	0	0	0	0	0	0	0	1	0	0	0
A18028	0	0	0	0	1	0	0	0	1	0	0	0	0	0	1	0	0	0	0	0
A18033	0	0	0	0	0	0	0	0	0	0	0	0	0	0	0	0	0	1	0	0
A18036	0	0	0	0	0	1	0	0	0	1	0	1	0	0	0	0	1	0	0	0
A18051	0	0	0	0	0	0	0	1	1	0	0	0	0	0	1	0	0	0	0	0
A18056	1	0	0	0	0	0	0	0	0	0	1	1	0	0	0	0	1	0	0	1
A18057	0	0	0	0	0	0	0	0	0	0	0	0	0	0	0	0	0	1	0	0
A18060	1	0	0	0	1	0	0	0	0	0	1	0	0	0	0	0	0	0	0	0
A18062	1	1	1	1	1	0	0	0	1	0	0	0	0	0	1	0	0	0	0	0
A18067	1	0	1	0	1	0	0	0	1	1	0	0	0	0	0	0	0	0	0	0
A18083	0	0	0	0	0	1	0	0	0	1	0	0	0	0	0	0	1	0	0	0
A18087	0	0	0	0	1	0	0	0	0	0	0	0	0	0	1	0	0	0	1	1
A18091	0	0	0	0	0	0	1	1	1	0	1	0	0	0	1	0	0	0	0	1
A18092	0	0	0	0	0	0	0	0	1	0	0	0	0	0	0	1	0	1	0	0
A18094	0	0	1	1	0	0	0	1	0	0	0	1	0	0	0	0	0	0	1	1
A18095	1	1	1	0	0	0	0	0	0	0	0	0	0	0	0	0	0	0	0	0
A18097	0	0	0	0	0	0	0	0	0	1	0	0	0	0	0	0	1	0	0	0
A18101	0	1	1	1	1	0	0	1	0	0	1	0	0	0	0	0	1	0	0	0
A18108	0	0	0	0	1	0	0	0	0	0	1	0	0	0	0	0	0	0	0	1
A18113	0	0	0	0	0	0	0	1	1	0	0	0	0	1	0	0	0	0	0	0
A18120	0	0	0	0	0	0	0	0	0	0	0	0	0	1	0	0	0	0	0	0
A18127	0	0	0	0	0	1	0	0	0	1	0	0	0	1	0	0	0	0	0	1
A18131	0	0	0	0	1	0	0	0	0	1	0	0	0	0	1	1	0	0	0	0
A18136	1	1	0	1	0	0	0	0	0	0	0	0	0	0	0	0	0	0	0	0
A18138	0	0	0	0	1	0	0	0	0	1	0	1	0	0	1	1	0	0	0	0
A18139	0	0	0	0	0	1	0	0	0	1	0	1	0	0	1	1	1	0	0	1
A18142	0	0	0	0	0	0	0	0	1	0	0	0	0	0	0	0	0	1	0	0
A18164	0	0	0	0	1	1	0	0	0	1	0	1	0	0	1	0	0	0	0	0
A18167	0	0	0	0	0	0	0	0	0	0	0	0	0	0	1	0	1	0	0	0
A18168	1	1	0	0	1	0	0	0	0	0	0	0	0	0	0	0	0	0	0	0
A18173	0	1	0	0	0	0	0	1	1	0	0	1	0	0	0	0	0	0	0	0
A18180	0	0	0	0	0	0	0	0	0	0	0	0	0	0	1	0	0	0	0	1
A18201	0	0	0	0	1	0	0	1	0	0	0	0	0	0	1	0	1	0	0	0
A18220	1	1	0	0	0	0	0	0	0	0	0	0	0	0	1	0	1	0	0	0
A18221	0	0	0	0	0	0	0	0	0	1	0	1	0	0	0	0	1	0	0	0
A18223	1	0	0	0	1	0	0	0	0	0	0	0	0	0	0	0	0	1	0	0
A18224	0	0	0	0	0	1	0	0	0	1	0	0	0	0	0	0	1	0	0	0
A18226	0	0	0	0	1	0	0	0	1	0	0	0	0	0	0	0	0	0	0	1
A18229	1	0	0	0	1	0	0	0	1	0	0	0	0	0	0	0	0	0	0	0
A18233	0	0	0	0	0	0	1	0	0	0	0	0	0	0	1	0	1	0	1	0
A18240	0	1	0	0	0	0	0	0	1	0	0	0	0	0	0	0	0	0	0	0
A18241	0	1	0	0	1	1	0	0	0	0	1	0	0	1	0	0	1	0	1	1
A18246	0	0	0	0	1	1	0	0	0	0	0	0	0	0	0	0	1	0	1	1
A18247	0	1	0	0	0	0	0	0	0	0	0	0	0	0	1	0	1	0	1	0
A18293	0	0	0	0	0	0	0	0	1	0	1	1	0	0	0	1	0	0	0	1
A18295	0	0	0	0	0	0	0	0	0	1	1	1	1	1	1	0	1	1	0	1
A18297	0	0	0	0	1	1	1	0	1	1	0	0	0	0	0	0	0	0	0	0
A18317	0	1	0	0	0	0	0	0	0	0	0	0	0	1	0	0	0	0	0	0
A18320	0	0	0	0	0	0	0	0	1	1	0	0	0	0	0	0	1	0	0	0
A18325	1	1	0	1	0	0	0	0	0	0	0	0	0	0	0	0	0	0	0	0
A18327	0	0	0	0	0	0	0	0	1	1	0	1	0	0	0	1	1	0	0	0
A18328	1	0	0	0	0	0	0	0	1	1	0	0	0	0	0	0	0	0	0	0
A18330	0	1	0	0	0	0	0	0	0	0	0	0	0	0	1	0	1	0	0	1
A18336	0	0	0	0	0	0	1	0	1	1	0	0	0	0	1	0	1	0	0	0
A18337	0	1	0	0	0	0	0	0	0	0	1	0	0	0	1	0	1	0	1	0
A18339	0	0	0	0	0	0	0	0	1	1	0	1	0	0	0	0	1	0	0	0
A18344	1	1	0	0	0	0	0	0	0	0	1	0	0	0	0	0	0	0	0	0
A18351	0	1	0	0	0	1	0	0	0	0	0	0	0	1	0	0	0	0	1	0
A18353	0	0	0	0	1	0	0	0	1	0	0	0	0	0	1	0	0	0	0	1
A18355	0	1	1	0	1	1	0	0	0	0	0	0	0	1	0	0	1	0	0	1
A18372	0	0	0	0	0	0	0	0	1	1	0	0	0	0	0	0	0	0	0	0
A18380	0	0	0	0	0	0	0	0	0	0	1	0	0	0	0	0	1	0	0	0
A18393	0	0	0	0	1	0	1	0	0	0	0	0	0	0	0	0	1	0	0	0
A18396	0	0	0	0	0	0	0	0	0	0	0	0	0	0	0	0	0	1	0	0
A18405	0	0	0	0	0	0	0	0	0	1	0	1	0	0	0	0	1	0	0	0
A18410	0	0	0	0	1	0	0	0	1	1	0	0	0	0	0	0	0	0	0	0
A18412	0	0	0	0	0	0	0	0	1	0	0	0	0	0	1	1	0	0	0	0
A18440	0	0	0	0	0	0	0	0	0	1	0	0	0	0	0	0	1	0	0	0
A18445	0	0	0	0	1	0	0	0	0	0	0	0	0	0	0	0	0	0	0	1
A18449	0	0	0	0	0	0	0	0	1	1	0	0	0	0	0	0	1	0	0	0
A18451	0	0	0	0	1	0	1	0	0	0	0	0	0	0	0	0	1	0	0	0
A18453	0	0	0	0	0	0	0	0	1	0	0	0	0	0	0	1	0	1	0	0
A18455	0	1	0	0	1	0	0	0	0	0	0	0	0	0	0	0	1	0	0	1
A18469	0	1	0	0	0	0	1	0	0	1	1	0	0	1	0	0	0	0	0	0
A18479	0	0	0	0	1	0	0	0	0	1	0	1	0	0	0	0	1	0	0	0
A18481	0	1	0	0	1	0	1	0	1	0	0	0	0	0	0	0	0	0	0	0
A18485	0	0	0	0	0	0	1	0	1	1	0	1	0	0	0	0	1	0	0	0
A18489	0	1	0	0	0	0	0	0	1	0	0	0	1	0	0	0	0	0	0	0
A18500	0	0	0	0	0	0	0	0	1	1	0	0	0	0	1	0	1	0	0	0
A19009	0	0	0	0	0	0	0	0	1	1	0	1	1	0	0	1	1	0	0	0
A19014	0	0	0	0	1	0	0	0	0	1	0	0	0	0	0	0	0	0	0	0
A19021	0	0	1	0	0	0	0	0	0	0	0	0	0	0	0	1	0	0	0	0
A19023	0	0	0	0	1	0	0	0	1	0	0	0	0	0	0	1	0	0	0	0
A19026	0	0	0	0	0	0	0	0	0	0	1	0	0	1	1	0	0	0	0	0
A19027	0	0	0	0	0	0	0	0	0	1	0	0	0	0	0	1	0	0	0	0
A19031	0	1	1	0	0	0	0	0	1	0	0	0	0	0	0	0	0	0	0	0
A19035	0	1	0	0	0	0	0	0	0	1	0	0	0	0	0	0	1	0	0	0
A19041	0	0	0	0	0	0	0	0	0	0	0	0	0	0	1	0	1	0	0	1
A19047	0	0	0	0	0	0	0	0	1	0	1	1	0	0	0	0	0	0	0	0
A19050	0	1	0	1	1	0	0	0	1	0	0	0	0	0	0	0	0	0	0	0
A19052	0	0	0	0	1	0	0	0	0	0	1	1	0	0	0	1	0	0	0	1
A19063	0	0	1	0	0	0	0	0	0	1	1	0	0	1	0	0	1	0	0	0
A19069	0	0	0	0	0	0	1	0	1	1	0	0	0	0	0	1	0	0	0	0
A19076	0	1	0	0	0	0	1	0	1	0	1	1	0	0	0	0	0	0	0	0
A19083	0	0	0	0	0	0	0	0	1	1	0	0	0	0	0	0	1	0	0	0
A19089	0	0	0	0	0	0	0	0	1	0	1	0	0	0	0	0	0	0	1	0
A19091	1	0	0	0	1	0	1	0	1	0	0	0	0	0	1	0	0	0	0	1
A19095	0	1	0	0	0	0	0	0	0	0	1	0	0	0	1	0	0	0	0	1
A19111	0	0	0	0	1	0	1	0	1	1	0	0	0	0	0	0	0	0	0	0
A19115	0	0	0	0	0	0	0	0	0	0	0	1	0	0	0	1	1	0	0	0
A19116	1	1	0	0	0	1	0	0	1	1	0	0	0	0	1	0	0	0	1	1
A19126	1	1	0	0	0	1	0	0	0	0	0	0	0	0	1	0	0	0	0	1
A19141	0	0	0	0	0	0	0	0	1	1	0	0	0	0	1	0	1	0	1	0
A19186	0	0	0	0	1	0	0	0	1	0	0	0	0	0	0	0	1	0	1	0
A19204	0	0	0	0	0	0	0	0	1	0	0	0	0	0	1	0	1	0	1	0
A19215	0	1	1	1	0	0	0	0	1	0	0	1	0	0	1	0	0	0	1	0
A19225	0	1	0	0	0	0	0	0	1	0	1	1	0	0	0	0	0	0	0	0
A19230	0	0	0	0	1	0	0	0	0	0	0	0	0	0	0	1	1	0	0	0
A19233	0	1	0	1	1	0	0	0	1	0	0	0	0	0	1	0	0	0	0	0
A19244	0	1	0	0	0	0	0	0	1	0	0	0	0	0	1	0	1	0	0	1
A19246	0	0	0	0	0	1	0	0	0	1	0	1	0	0	0	0	1	0	0	1
A19253	1	1	0	0	0	0	0	0	1	0	0	0	0	0	0	0	0	0	0	0
A19271	0	0	0	0	1	1	1	0	0	0	0	0	0	0	0	0	0	0	0	0
A19284	0	0	0	0	0	1	0	0	1	0	1	0	0	0	0	0	1	0	0	0
A19285	0	0	0	0	0	1	0	0	0	1	0	1	0	0	0	0	1	0	0	0
A19287	0	1	1	0	0	0	0	0	0	0	0	0	0	0	1	0	0	0	1	0
A19289	0	0	0	0	0	1	0	0	0	1	0	1	0	0	1	0	0	0	0	1
A19298	0	0	0	0	1	0	0	0	0	0	0	0	0	0	0	1	1	0	0	0
A19301	1	1	1	0	0	0	0	0	0	0	1	0	0	0	0	0	0	0	1	0
A19314	1	0	0	0	1	0	1	1	0	0	0	0	0	0	0	0	0	1	0	0
A19328	1	1	1	1	0	0	0	0	0	0	0	0	0	0	0	0	0	0	0	0
A19332	0	0	0	0	0	0	0	1	1	0	0	0	0	0	0	0	1	0	0	0
A19333	0	1	0	0	1	0	0	0	1	0	0	1	1	0	1	0	1	0	0	0
A19335	0	0	0	0	1	0	0	0	0	1	0	0	0	0	0	0	1	0	1	0
A19336	0	1	0	0	0	0	0	0	1	1	0	1	1	0	0	0	0	0	0	0
A19346	0	0	0	0	1	0	1	0	1	0	0	0	0	0	0	0	0	0	0	0
A19350	0	0	0	0	1	0	0	0	0	0	0	0	0	0	1	1	1	0	0	0
A19367	0	0	0	0	0	0	1	0	1	1	0	1	0	0	0	0	1	0	0	1
A19375	0	0	0	0	0	1	0	0	0	1	0	1	0	0	0	0	1	0	0	0
A19376	0	0	0	0	0	0	0	0	1	1	0	1	0	0	0	0	0	0	0	0
A19378	0	0	0	0	0	0	0	0	0	0	0	0	0	0	0	0	1	0	0	0
A19395	0	0	0	0	0	0	0	0	0	1	0	0	0	0	1	1	0	0	0	0
A19401	0	0	0	0	0	0	0	0	1	0	0	0	0	0	1	0	0	0	0	0
A19410	0	1	0	0	0	0	0	0	0	0	1	0	0	0	1	0	0	0	0	0
A19413	0	0	0	0	1	0	0	0	1	1	0	0	0	0	1	1	0	0	0	0
A19415	0	0	0	0	1	0	0	0	1	0	0	0	0	1	0	0	0	0	0	1
A19416	0	1	1	0	0	0	0	0	1	0	0	0	0	0	1	0	0	0	0	0
A19419	0	0	0	0	1	0	0	0	0	1	1	1	0	0	0	0	1	0	0	0
A19426	0	0	1	0	0	1	0	0	0	1	0	0	0	0	0	0	1	0	1	1
A19427	0	0	0	0	1	0	0	0	0	0	0	0	0	0	1	0	1	0	1	0
A19429	0	0	0	0	1	0	0	0	0	1	0	0	0	0	0	0	1	0	0	0
A19444	0	1	0	0	0	0	1	0	0	0	0	0	0	0	0	0	0	0	0	0
A19445	0	0	0	0	0	0	1	0	1	0	0	0	0	0	1	0	0	0	0	0
A19449	0	0	0	0	0	1	0	0	1	0	0	0	0	0	1	0	1	0	0	0
A19455	1	0	0	0	1	0	0	1	0	0	0	0	0	0	1	0	0	0	1	1
A19462	0	1	0	0	1	0	1	0	1	0	0	0	0	0	0	0	0	0	0	0
A19463	0	0	0	0	0	0	0	0	1	1	0	1	0	0	1	0	1	0	0	0
A19464	0	0	0	0	0	0	1	0	1	1	0	0	0	0	1	0	1	0	0	1
A19467	1	0	0	0	1	0	0	0	1	0	0	0	0	0	0	0	0	0	1	0
A19470	0	0	0	0	0	0	0	0	0	0	0	0	0	0	0	0	0	1	0	0
A19471	0	0	0	0	0	0	0	0	0	1	1	1	1	0	0	0	1	0	0	0
A19472	0	0	0	0	0	0	0	0	0	0	0	0	0	0	0	0	0	1	0	0
A19480	0	0	0	0	0	1	0	0	0	1	0	1	0	0	0	0	1	0	0	0
A19483	1	1	0	0	0	0	0	0	0	0	0	0	0	0	0	0	0	0	0	0
A19494	0	0	0	0	1	1	0	0	0	1	0	1	0	0	1	0	1	0	0	0
A20002	0	0	0	0	0	0	0	0	1	0	0	0	0	0	1	0	1	0	0	0
A20006	0	0	0	0	0	0	0	0	0	0	0	0	0	0	0	1	0	1	0	0
A20009	0	0	0	0	0	0	0	0	0	0	1	0	0	0	0	0	0	0	0	1
A20011	1	0	0	0	0	0	1	0	0	1	0	0	0	0	0	0	0	0	0	1
A20022	0	0	0	0	0	0	0	0	1	0	0	0	0	0	0	0	1	0	0	0
A20023	0	0	0	0	0	0	0	0	1	0	0	0	0	0	0	1	0	0	0	0
A20046	0	0	0	0	0	0	0	0	0	1	0	1	0	0	0	0	0	0	0	0
A20053	0	0	0	0	1	0	1	0	1	0	0	0	0	0	0	0	1	0	0	0
A20055	0	0	0	0	0	0	0	0	1	1	0	0	0	1	1	1	0	0	0	0
A20057	0	0	0	0	1	0	1	0	0	0	0	0	0	0	0	0	0	1	0	0
A20092	0	0	0	0	0	0	0	0	1	1	0	0	0	0	0	0	0	0	0	0
A20095	0	0	0	0	1	0	0	0	0	0	0	0	0	0	1	0	1	0	0	0
A20104	0	0	0	0	0	0	0	0	1	0	0	0	0	0	1	0	0	0	1	0
A20110	0	1	0	0	1	0	0	0	0	0	0	0	1	0	0	0	1	0	0	0
A20114	0	0	0	0	0	0	0	0	0	1	0	1	0	0	0	0	0	0	0	0
A20120	1	1	0	0	0	0	0	0	0	0	1	0	0	0	0	0	0	0	0	0
A20123	0	0	0	0	0	0	0	0	0	0	0	0	0	0	1	0	1	0	0	1
A20127	0	0	0	0	0	0	1	0	1	1	0	0	0	0	0	0	0	0	0	0
A20129	0	1	0	0	0	0	0	1	0	0	0	1	1	0	0	1	0	0	0	0
A20133	0	0	0	0	0	0	0	0	0	0	0	1	1	1	1	0	1	0	0	0
A20134	1	1	0	1	0	0	0	0	1	0	0	0	0	0	0	0	0	0	1	1
A20142	0	1	0	0	0	0	1	0	1	1	0	0	0	0	0	0	0	0	0	0
A20146	0	0	0	0	0	0	0	0	0	1	0	1	0	0	0	0	1	0	0	0
A20149	0	1	0	0	0	0	0	0	0	0	1	0	0	0	0	0	1	0	0	0
A20151	0	0	0	0	0	0	0	0	0	0	0	1	0	0	1	1	0	0	0	1
A20156	0	0	0	0	0	0	0	0	1	0	0	0	0	1	0	0	0	0	0	0
A20161	0	0	0	0	0	0	0	0	1	0	1	0	0	0	1	0	0	0	0	0
A20162	0	0	0	0	0	0	0	0	0	0	0	0	0	0	1	0	0	0	1	0
A20163	1	0	0	0	0	1	0	0	0	0	1	1	0	0	0	0	0	0	0	0
A20165	1	0	0	0	0	0	0	0	0	0	0	0	0	0	1	0	0	0	0	1
A20166	0	0	0	0	0	0	0	0	1	0	0	0	0	0	0	1	0	0	0	0
A20173	0	1	0	0	0	0	0	1	0	0	0	0	1	0	0	0	1	0	0	0
A20175	0	1	0	0	0	0	0	0	1	0	0	0	0	0	1	0	1	0	0	1
A20205	1	1	0	0	0	0	0	0	0	0	1	0	0	0	0	0	1	0	0	0
A20214	0	0	0	0	0	0	0	0	0	0	0	0	0	0	0	0	1	0	0	1
A20218	0	0	0	0	0	0	0	0	1	0	0	0	0	0	1	0	0	0	0	1
A20221	0	0	0	0	1	0	0	0	0	0	0	0	0	0	1	0	0	0	0	1
A20229	0	0	0	0	0	0	0	1	1	0	0	0	0	0	0	0	1	0	0	0
A20232	0	0	0	0	0	0	0	0	1	1	1	0	0	0	1	0	1	0	0	0
A20242	1	1	0	0	0	0	0	0	0	0	0	0	0	0	0	0	0	0	0	0
A20245	0	0	0	0	0	0	0	0	0	1	0	1	0	0	1	0	1	0	0	0
A20257	0	0	0	0	1	0	0	0	1	0	0	0	0	0	0	0	1	0	0	0
A20258	0	0	0	0	0	0	0	0	0	1	0	0	0	0	0	0	1	1	0	0
A20274	0	1	0	0	1	0	1	0	1	0	0	0	0	0	1	0	0	0	0	1
A20288	1	0	0	0	0	0	0	0	1	1	0	1	0	0	0	1	1	0	0	0
A20291	0	1	0	0	0	0	0	0	1	1	0	0	1	0	1	0	1	0	0	0
A20292	1	1	0	0	1	0	1	1	1	0	0	0	0	0	0	0	0	0	0	1
A20302	0	0	0	0	0	0	0	0	1	0	0	0	0	0	0	0	0	1	0	1
A20303	1	1	0	0	0	0	0	0	1	0	0	0	0	0	0	0	0	0	0	0
A20304	0	0	0	0	0	0	0	0	0	1	0	1	0	0	0	0	1	1	0	0
A20309	0	0	0	0	0	1	0	0	0	0	1	1	0	0	0	0	0	0	0	0
A20310	0	0	0	0	0	0	0	0	1	1	0	0	0	0	0	0	0	0	0	0
A20316	1	0	0	0	0	0	0	0	0	1	0	0	0	1	0	0	0	1	0	0
A20317	0	1	0	0	0	0	0	0	1	0	0	0	0	0	0	1	1	0	0	0
A20319	0	0	0	0	0	0	0	1	0	0	0	1	0	0	0	0	1	0	0	0
A20321	0	1	0	0	0	0	0	0	0	1	0	0	0	0	1	0	1	0	0	0
A20325	0	0	0	0	0	1	0	0	1	0	0	1	0	0	1	0	1	0	0	0
A20329	1	1	0	0	0	0	0	0	0	0	0	0	0	0	1	0	0	0	1	0
A20333	1	0	0	0	0	0	0	0	0	0	0	0	0	0	1	1	0	0	0	1
A20334	0	0	0	0	1	0	0	1	1	0	0	1	0	0	0	0	0	0	0	0
A20335	0	0	0	0	0	0	0	0	0	1	0	0	0	0	0	0	1	0	0	0
A20337	0	0	0	0	1	0	1	0	0	1	0	1	0	0	0	1	0	0	0	0
A20361	0	0	0	0	0	0	0	0	1	0	0	1	0	0	0	0	0	0	0	0
A20371	0	0	0	0	0	0	0	0	0	0	0	1	0	0	1	0	1	0	0	0
A20372	0	0	0	0	0	0	0	0	1	0	0	0	0	0	0	0	0	0	0	0
A20381	0	0	0	0	0	0	0	0	0	1	0	1	0	0	0	0	1	0	0	0
A20384	0	0	0	0	0	0	0	0	0	1	0	0	0	0	0	0	1	0	1	0
A20385	0	1	0	0	1	0	0	0	0	1	0	0	0	0	0	0	1	0	0	0
A20389	0	1	0	0	0	0	1	0	1	0	0	0	0	0	0	0	0	0	0	0
A20398	1	0	0	0	1	0	0	0	1	0	0	0	0	0	1	0	0	0	0	1
A20400	0	1	0	0	0	0	0	0	0	0	0	0	0	0	0	0	0	0	1	0
A20401	0	0	0	0	0	0	0	0	1	0	0	0	0	0	0	0	0	0	0	1
A20407	1	1	0	0	0	1	0	0	0	0	0	0	0	0	0	0	0	0	0	0
A20408	0	0	0	0	0	0	0	0	0	0	0	1	0	1	1	0	1	0	0	0
A20412	0	1	0	1	0	0	0	0	1	0	0	0	0	0	1	0	1	0	1	0
A20413	0	0	0	0	0	0	0	0	0	1	1	0	0	0	0	0	0	0	0	0
A20414	0	0	0	0	1	0	0	0	0	0	0	0	0	1	0	0	0	0	0	1
A20417	0	0	0	0	1	0	0	0	1	0	0	0	0	0	1	0	0	0	0	0
A20424	0	1	0	0	0	0	0	0	1	0	0	0	0	0	1	0	0	0	0	0
A20430	0	0	0	0	0	0	0	0	0	1	0	0	0	0	1	0	0	0	0	0
A20434	1	0	0	0	0	0	0	0	1	0	0	0	0	0	0	0	0	0	0	1
A20437	0	0	0	0	0	0	0	0	1	0	0	1	0	0	1	0	0	0	0	0
A20438	1	1	1	0	0	0	0	0	1	0	0	0	0	0	0	0	0	0	0	0
A20471	1	1	0	0	0	1	0	0	0	0	0	0	1	0	0	0	1	0	0	0
A20472	0	0	0	0	0	1	1	0	1	0	0	0	0	0	1	0	0	1	0	1
A20485	0	0	0	0	0	0	0	0	0	1	0	1	0	0	1	0	1	0	0	0
A20493	0	1	0	0	0	0	0	1	0	0	0	0	0	0	0	0	0	0	0	0
A20496	0	0	0	0	0	0	0	0	0	0	1	1	0	1	1	0	0	0	0	1
A20499	0	0	0	0	0	0	0	0	0	1	0	1	0	0	0	0	0	0	0	0
A21008	0	0	0	0	0	0	0	0	0	0	1	1	0	0	0	0	0	0	0	0
A21016	0	0	0	0	0	0	0	0	1	0	0	0	0	0	0	0	1	0	0	0
A21018	0	0	0	0	0	0	0	1	0	0	0	1	1	0	0	0	0	0	0	0
A21027	1	0	0	0	0	0	0	0	1	0	0	0	0	0	1	0	1	0	1	0
A21028	0	0	0	0	0	0	0	0	1	0	0	1	0	0	0	0	0	0	0	0
A21029	0	1	0	0	0	0	0	0	0	0	1	1	0	0	1	0	0	0	0	0
A21033	0	0	0	0	0	0	0	0	1	1	0	0	0	0	0	0	1	0	0	0
A21036	0	1	0	0	0	0	0	0	1	1	1	0	0	0	1	0	0	0	1	0
A21038	0	0	0	0	0	0	0	0	0	1	0	0	0	0	0	0	1	0	0	0
A21041	0	0	0	0	0	0	0	0	0	1	0	1	0	0	0	0	1	0	0	0
A21045	1	1	0	0	0	0	0	0	0	0	0	0	0	0	0	0	0	0	0	0
A21062	0	0	0	0	0	1	0	0	0	1	1	1	0	0	0	0	0	0	0	0
A21070	0	1	0	0	1	0	0	0	1	0	0	0	0	0	0	0	0	0	0	0
A21072	0	0	0	0	0	0	1	0	0	1	0	1	0	0	0	0	1	0	0	0
A21077	0	0	0	0	0	0	0	0	0	1	0	1	0	0	1	0	1	0	0	0
A21078	0	1	0	0	0	0	0	0	0	1	0	1	0	0	0	0	1	0	0	0
A21083	0	0	0	0	0	0	0	1	1	1	0	0	0	0	1	0	1	0	0	0
A21086	0	0	0	0	1	0	1	0	0	0	0	0	0	0	0	0	0	0	0	0
A21090	0	0	0	0	0	0	0	0	1	1	0	0	0	0	1	0	0	1	0	0
A21092	0	0	0	0	1	0	0	0	1	0	0	0	0	0	1	0	0	0	0	0
A21093	0	0	0	0	1	0	0	0	0	1	0	0	0	0	0	1	1	0	0	0
A21103	0	1	0	1	0	0	0	0	1	0	0	0	0	0	1	0	1	0	1	0
A21108	1	1	0	0	0	0	0	0	1	0	1	0	0	0	0	0	0	0	1	0
A21128	0	0	0	0	0	0	0	0	0	0	0	1	0	0	0	0	1	0	0	0
A21134	0	0	1	0	0	0	0	1	1	0	0	0	0	0	1	0	1	0	1	0
A21149	0	1	1	0	0	0	0	0	0	0	0	0	0	0	0	0	0	0	0	0
A21157	0	0	0	0	1	0	0	0	1	0	0	0	0	0	0	0	0	0	0	1
A21158	1	1	0	0	0	0	0	0	1	0	0	0	0	0	0	0	1	0	0	1
A21164	0	0	0	0	0	1	0	0	0	1	0	0	0	0	0	0	1	0	0	0
A21181	0	0	0	0	0	0	0	0	0	1	0	1	0	0	1	0	1	0	0	0
A21189	0	0	0	0	0	0	0	0	0	1	0	0	0	0	1	0	1	0	0	0
A21200	0	0	0	0	0	0	1	0	1	0	0	0	0	0	0	0	0	0	0	0
A21203	0	1	0	0	0	0	0	0	1	0	0	0	0	1	1	0	0	0	0	0
A21207	0	0	0	0	0	0	0	0	1	0	0	1	0	0	1	1	1	0	0	0
A21233	1	1	0	0	0	0	0	0	1	0	0	0	0	0	0	0	0	0	1	1
A21235	0	0	0	0	1	0	0	0	0	1	0	1	0	0	0	1	1	0	0	0
A21236	0	1	0	0	0	0	0	0	1	1	0	0	0	0	0	0	0	0	0	0
A21241	1	1	0	0	1	0	0	0	0	0	0	0	0	0	1	0	0	0	0	1
A21247	0	0	0	0	0	0	0	0	0	0	0	1	1	0	0	0	1	0	0	0
A21254	0	0	0	0	0	0	0	0	1	0	0	1	0	0	1	1	1	0	0	0
A21260	0	0	0	0	0	0	0	0	1	0	0	0	0	1	0	0	0	0	0	0
A21276	1	0	0	0	1	0	0	1	0	0	0	0	0	0	1	0	1	0	1	1
A21277	0	0	0	0	0	1	0	0	0	1	0	1	0	0	0	0	1	0	0	0
A21283	0	0	0	0	0	0	0	0	1	0	0	0	0	0	0	0	0	0	0	1
A21286	1	1	0	1	0	0	0	0	0	0	0	0	0	0	0	0	0	0	1	1
A21291	1	1	0	0	0	0	0	1	1	0	0	0	0	0	0	0	0	0	0	0
A21303	0	0	0	0	1	1	0	0	0	1	0	0	0	0	0	0	0	0	0	0
A21306	1	0	0	0	1	0	0	0	1	0	0	0	0	0	0	0	0	0	0	0
A21311	0	0	0	0	0	0	0	0	0	1	0	0	0	0	0	0	1	0	1	1
A21313	0	0	0	0	0	0	0	0	0	1	0	1	0	0	0	0	1	0	0	0
A21319	0	0	0	0	0	0	0	0	1	0	0	0	0	0	0	0	0	0	0	0
A21354	0	0	0	0	1	0	0	0	0	0	0	0	0	1	1	0	1	0	0	1
A21361	0	1	0	0	1	0	0	0	1	0	0	0	0	0	0	0	1	0	1	0
A21363	0	0	0	0	0	0	1	0	1	1	0	0	0	0	1	0	0	0	0	1
A21373	0	0	0	0	0	0	0	0	1	0	0	0	0	1	0	1	0	0	0	0
A21374	0	0	0	0	0	0	0	0	0	0	0	0	0	0	1	0	1	0	0	1
A21382	0	0	0	0	0	0	0	0	0	1	1	0	0	0	0	0	1	0	0	0
A21389	0	1	0	0	0	0	0	0	0	0	0	0	0	0	0	0	0	0	0	0
A21390	1	0	0	0	0	0	0	0	1	0	1	0	0	0	0	0	1	0	0	0
A21409	1	1	0	0	0	0	0	0	0	0	1	0	0	0	0	0	1	0	0	0
A21418	0	1	0	0	1	0	0	0	0	1	0	0	0	0	1	0	1	0	1	0
A21421	1	1	1	0	1	0	0	0	0	1	0	0	0	0	0	0	1	0	0	1
A21425	1	1	0	0	0	0	0	0	0	1	0	1	0	0	0	0	1	0	1	1
A21430	0	0	0	0	0	0	0	0	1	0	0	0	0	0	0	0	1	0	0	0
A21432	0	1	1	1	0	0	0	0	0	0	0	0	0	0	1	0	0	0	0	0
A21433	0	1	0	0	0	0	0	0	0	1	0	0	0	0	1	0	1	0	1	0
A21445	0	0	0	0	1	0	1	0	0	0	0	0	0	0	0	0	0	0	0	0
A21447	0	0	0	0	0	0	0	0	1	0	0	0	0	1	0	1	0	0	0	0
A21452	0	0	0	0	0	0	0	0	0	1	1	0	0	0	0	0	1	0	0	1
A21455	1	0	1	0	0	0	0	0	1	0	0	0	0	0	1	0	1	0	0	0
A21471	0	0	0	0	0	0	0	0	0	1	0	0	0	1	1	0	1	0	0	1
A21487	1	1	1	0	0	0	0	0	1	0	0	0	0	0	0	0	0	1	0	0
A21488	0	0	0	0	1	0	0	0	1	0	0	0	0	0	0	0	0	0	0	1
A21489	0	0	0	0	0	1	0	0	0	1	0	1	0	0	0	0	1	0	0	0
A21496	0	1	0	0	0	0	1	0	0	0	0	0	0	0	0	0	0	0	0	0
A22001	0	0	0	0	0	0	0	0	0	0	0	0	0	0	0	1	1	1	0	0
A22006	0	0	0	0	0	0	0	0	1	0	0	0	0	0	0	1	0	0	0	0
A22007	0	0	0	0	1	0	0	0	0	0	1	1	0	0	0	0	0	0	0	1
A22008	0	0	0	0	0	1	0	0	0	0	0	1	0	0	1	1	0	0	0	0
A22010	0	1	0	0	0	0	0	0	0	0	0	0	0	0	0	0	0	0	0	0
A22018	1	1	0	0	0	0	0	0	0	0	1	0	0	0	0	0	1	0	0	0
A22020	0	0	0	0	1	0	0	0	0	0	1	0	0	0	1	0	1	0	0	0
A22024	1	1	0	1	0	0	0	0	1	0	0	0	0	0	0	0	1	0	0	0
A22052	0	0	0	0	0	0	0	0	0	1	0	0	0	0	0	0	0	0	0	0
A22055	0	0	0	0	1	0	1	0	1	0	0	0	0	0	0	0	0	0	0	0
A22057	1	1	0	0	0	0	0	0	0	0	1	1	0	0	0	0	0	0	0	0
A22059	1	1	0	0	0	0	0	1	0	0	0	0	0	0	0	0	0	0	0	0
A22075	0	0	0	0	1	0	1	0	1	1	0	1	0	0	1	1	1	0	0	0
A22076	0	0	0	0	0	0	0	0	0	0	0	0	0	1	0	0	1	0	0	0
A22079	0	0	0	0	1	0	0	0	0	0	0	0	0	0	0	1	0	0	0	0
A22086	0	0	0	0	0	0	0	0	0	1	0	1	0	0	0	0	1	0	0	0
A22090	0	0	0	0	0	0	0	0	0	0	1	1	0	1	1	0	0	0	0	0
A22091	0	0	1	0	0	0	0	0	1	1	0	0	0	0	1	0	1	0	0	0
A22103	0	0	0	0	0	0	0	0	1	0	1	1	0	0	1	1	0	0	0	0
A22115	0	0	0	0	0	0	0	0	0	0	0	0	0	0	0	0	0	1	0	0
A22131	1	1	0	0	0	0	0	0	0	0	0	0	0	1	0	0	0	0	0	0
A22147	0	0	1	0	0	1	1	1	0	1	0	0	0	0	1	1	1	0	0	1
A22149	1	1	0	0	0	0	0	0	0	0	0	0	0	0	0	1	0	0	0	0
A22153	0	0	0	0	1	0	1	0	1	0	0	1	0	1	1	0	1	0	0	0
A22155	0	1	1	1	0	0	0	0	1	0	0	0	0	0	0	0	0	0	0	0
A22172	0	0	0	0	0	0	0	1	0	1	0	1	0	0	1	0	1	0	0	0
A22175	0	1	0	0	0	0	1	0	1	0	0	0	0	0	0	1	0	0	0	0
A22179	0	0	0	0	0	1	0	0	0	1	0	0	0	0	0	0	1	0	0	0
A22186	0	1	0	0	0	0	0	0	0	0	0	0	0	1	0	1	0	0	0	1
A22188	0	1	1	0	0	0	0	0	1	0	0	0	0	0	1	0	1	1	0	0
A22193	0	0	0	0	0	0	0	0	0	0	0	0	0	0	0	0	1	1	0	0
A22194	0	1	0	0	0	0	0	0	0	0	0	0	0	0	1	0	0	0	1	0
A22197	0	0	0	0	0	0	0	0	0	0	0	0	1	0	1	0	1	0	0	1
A22198	0	0	0	0	0	0	0	0	0	0	0	0	0	0	0	0	0	1	0	0
A22204	0	0	0	0	0	0	0	0	0	0	0	0	1	0	1	0	1	0	1	0
A22211	0	0	0	0	0	0	0	0	0	0	0	0	0	0	0	0	0	1	0	0
A22216	0	0	0	0	0	0	0	0	1	1	0	0	0	1	1	0	0	0	1	0
A22217	0	0	0	0	0	0	0	0	0	1	0	0	0	0	0	1	1	0	0	0
A22218	0	0	0	0	1	0	0	0	1	1	0	1	0	0	0	1	0	0	0	0
A22220	0	0	0	0	0	0	0	0	1	1	0	0	0	0	1	0	1	0	0	0
A22221	0	0	0	0	0	0	0	0	0	1	0	1	0	0	0	1	1	0	0	0
A22222	0	0	1	0	1	0	0	0	0	0	0	1	0	0	1	0	0	0	0	0
A22225	0	0	0	0	0	0	0	0	1	0	0	1	0	1	0	1	0	1	0	0
A22226	0	0	0	0	0	0	0	0	0	0	0	0	0	1	0	1	1	0	0	0
A22233	0	0	0	0	0	0	0	0	0	1	0	1	0	0	0	0	0	0	0	0
A22235	0	0	0	0	0	1	0	0	0	1	0	1	0	0	0	1	1	0	0	0
A22238	0	0	0	0	1	0	1	0	1	1	0	0	0	0	0	0	0	0	0	0
A22248	1	0	0	0	1	0	0	0	0	0	0	1	0	0	1	1	0	0	0	1
A22254	0	0	0	0	0	0	0	0	0	1	0	0	0	0	0	0	1	0	0	0
A22255	1	1	0	0	0	0	0	0	0	0	1	1	0	0	0	0	0	0	0	0
A22260	0	1	0	0	0	0	1	0	1	0	0	0	1	0	0	0	0	0	0	0
A22262	0	0	0	0	0	0	0	0	0	1	0	1	0	0	1	0	0	0	0	1
A22267	0	0	1	0	0	0	0	0	1	0	0	0	0	0	1	0	0	0	0	0
A22268	0	1	0	1	0	0	0	0	0	0	0	0	0	1	0	0	0	0	0	0
A22272	0	0	0	0	1	0	0	0	0	1	0	0	0	0	0	0	1	0	0	0
A22274	1	0	1	0	0	0	0	0	1	0	0	0	0	0	0	0	0	1	0	1
A22277	0	0	0	0	0	1	0	0	0	1	0	0	0	0	0	0	1	0	0	0
A22278	0	0	0	0	0	0	0	0	0	1	0	1	1	0	1	0	1	0	0	0
A22282	0	0	0	0	0	0	0	0	1	0	0	0	0	0	0	0	1	0	1	0
A22286	0	0	0	0	1	0	1	0	0	0	0	0	0	0	0	0	0	0	0	0
A22293	0	0	0	0	0	0	0	0	0	0	1	1	0	0	1	0	0	0	0	0
A22304	0	0	0	0	0	0	0	1	0	0	0	1	0	0	1	0	1	0	0	1
A22306	0	0	0	0	0	0	0	0	1	0	0	0	0	0	1	1	0	0	0	0
A22309	0	0	0	0	0	0	0	0	0	1	0	1	0	0	0	0	1	0	0	0
A22312	1	0	0	0	1	0	0	0	0	0	0	0	0	0	0	0	0	0	1	1
A22314	0	0	0	0	1	1	0	1	0	1	0	1	0	0	0	0	0	0	0	0
A22324	0	1	0	0	0	0	0	0	0	0	0	1	0	1	0	0	1	0	1	0
A22331	0	1	0	0	1	0	1	0	1	0	0	0	0	0	1	0	0	0	0	0
A22332	1	0	0	0	1	1	0	0	0	1	0	0	0	0	0	0	1	0	1	1
A22340	0	1	0	0	0	0	0	0	1	0	0	0	0	0	1	1	1	0	1	0
A22341	0	0	0	0	0	0	0	0	0	1	0	1	0	0	0	0	0	0	0	0
A22354	0	1	0	1	1	0	0	0	1	0	0	0	0	1	0	0	1	0	1	0
A22358	0	1	0	0	1	0	1	0	0	0	0	0	0	0	0	0	1	0	0	0
A22367	1	1	0	0	0	0	0	1	0	0	0	0	0	0	0	0	0	0	0	0
A22377	0	0	0	0	1	0	1	0	1	0	0	0	0	0	0	0	0	0	0	0
A22378	0	0	0	0	0	0	0	0	1	0	1	0	0	0	1	0	0	0	0	0
A22379	0	0	0	0	0	0	0	0	0	0	1	0	0	0	0	0	0	0	0	0
A22380	0	0	0	0	0	0	0	0	0	0	1	1	0	1	1	0	0	0	0	0
A22386	0	0	0	0	0	1	0	0	0	1	0	0	0	0	0	0	1	0	0	0
A22397	0	1	0	0	1	0	0	0	0	0	1	0	0	0	0	1	0	1	0	0
A22401	0	1	0	0	0	0	0	0	1	1	0	0	0	0	0	0	0	0	0	0
A22409	0	1	0	0	0	0	0	0	1	0	0	0	1	0	1	0	0	0	0	0
A22411	0	0	0	0	0	0	0	0	1	1	0	0	0	1	0	0	0	0	0	0
A22414	0	0	0	0	1	0	0	0	1	0	0	1	0	0	0	0	0	0	0	0
A22417	0	0	0	0	0	1	0	0	1	1	0	1	0	0	0	0	1	0	0	0
A22425	1	1	0	0	0	0	0	0	0	0	0	0	0	0	1	0	0	0	0	0
A22426	0	0	0	0	0	0	0	0	0	0	1	1	0	0	0	0	0	0	0	0
A22428	0	0	0	0	1	0	0	0	0	0	0	0	0	1	0	0	0	0	0	0
A22433	0	0	0	0	1	0	0	0	0	1	1	0	0	0	1	0	0	0	0	0
A22437	0	0	0	0	0	0	0	0	1	1	0	0	0	0	1	0	1	0	0	0
A22445	0	0	0	0	1	0	1	0	1	1	1	0	0	0	0	0	0	0	0	0
A22448	0	0	0	0	0	0	0	0	0	1	0	0	0	1	0	0	0	0	0	1
A22450	0	0	0	0	0	0	0	0	1	1	1	0	0	0	0	0	1	0	0	1
A22455	0	0	0	0	0	0	0	0	0	0	1	1	0	0	0	0	0	0	0	0
A22459	0	0	0	0	0	0	0	1	0	1	0	1	1	0	0	0	0	0	0	0
A22471	0	1	1	1	0	0	0	0	1	0	0	0	0	0	1	0	0	0	0	0
A22474	0	0	0	0	1	0	0	0	0	0	0	0	0	0	1	0	1	0	0	1
A22484	1	0	0	0	1	0	0	0	0	0	0	1	0	0	0	0	0	0	0	0
A22486	0	0	0	0	0	0	0	1	1	0	0	0	0	0	0	0	1	0	1	0
A22487	0	0	0	0	1	0	1	0	1	0	0	0	0	0	1	0	0	0	0	0
A22489	0	0	0	0	0	0	0	0	0	1	0	1	0	0	0	0	1	0	0	0
A22493	0	0	0	0	0	0	0	0	1	0	0	0	0	0	1	0	1	1	0	0
A22495	1	0	0	0	1	0	0	0	1	0	0	0	0	0	1	0	0	0	0	1
A23003	0	0	0	0	0	1	0	0	0	0	0	0	0	0	0	0	0	0	0	0
A23004	0	1	0	0	1	0	0	0	0	0	0	0	0	0	0	0	0	0	0	0
A23011	0	0	0	0	0	0	0	1	0	0	0	1	0	0	1	1	1	0	0	0
A23025	1	0	0	0	1	0	0	0	0	0	0	0	0	0	0	0	0	0	0	0
A23031	1	0	0	0	1	1	0	0	1	1	0	0	0	0	0	0	0	0	0	1
A23037	0	0	0	0	0	0	0	1	1	1	0	1	0	0	0	0	0	0	0	0
A23043	0	0	0	0	0	0	0	0	0	1	0	1	0	0	1	0	1	0	0	0
A23054	0	0	0	0	0	0	0	0	0	0	0	0	0	0	1	0	1	0	0	0
A23067	0	1	0	0	0	0	0	0	0	0	0	0	0	0	1	1	1	0	0	1
A23068	0	1	0	0	0	0	0	0	1	1	0	0	0	0	1	0	1	0	0	0
A23076	0	0	0	0	1	0	0	1	1	0	0	0	0	0	1	0	1	0	0	0
A23091	0	0	0	0	0	0	0	0	1	0	0	0	0	0	0	0	0	1	0	0
A23094	0	0	0	0	0	0	0	0	1	0	0	0	0	0	1	0	0	0	0	0
A23096	0	0	0	0	0	0	0	0	1	1	0	1	0	0	0	0	0	0	0	0
A23097	0	0	0	0	0	0	0	0	0	0	0	0	0	0	1	0	1	0	1	1
A23099	1	0	0	0	1	1	0	0	0	0	0	0	0	0	1	0	0	0	0	0
A23100	0	0	0	0	0	0	0	0	0	0	0	0	0	0	0	1	0	1	0	0
A23108	0	0	0	0	0	0	0	0	0	0	0	1	0	0	1	0	0	1	0	0
A23110	0	0	0	0	0	0	0	0	0	1	0	0	0	0	0	0	1	0	0	0
A23113	1	0	0	0	0	0	0	0	1	0	0	0	0	0	1	0	0	0	0	0
A23117	0	0	0	0	0	0	0	0	0	1	1	1	0	0	0	0	0	0	0	0
A23120	1	0	0	0	1	0	0	0	0	0	0	0	0	0	0	0	0	0	0	1
A23126	0	1	0	0	0	0	0	0	0	0	0	1	1	0	1	0	0	0	0	0
A23133	0	0	0	0	0	0	1	0	1	0	0	0	0	0	0	0	0	0	0	0
A23134	0	0	0	0	0	1	0	0	0	1	0	1	0	0	0	0	0	0	0	0
A23139	0	0	0	0	0	0	0	0	0	0	0	0	0	0	0	0	1	0	1	0
A23149	1	0	0	0	0	0	0	0	0	0	1	0	0	0	0	0	0	0	1	0
A23154	1	1	0	0	0	0	0	0	1	0	0	0	0	0	0	0	0	0	0	0
A23158	0	1	1	0	0	0	0	0	0	1	0	1	0	0	0	1	0	0	0	0
A23160	0	0	0	0	0	0	0	0	0	0	0	0	0	0	0	0	0	1	0	0
A23169	1	1	0	0	1	0	0	0	0	0	0	0	0	0	0	0	0	0	0	0
A23170	1	0	0	0	1	0	0	0	0	0	0	0	0	0	0	0	0	0	0	0
A23173	0	0	0	0	0	0	1	0	0	0	0	1	0	1	0	0	1	0	0	0
A23177	0	1	1	0	0	0	1	0	0	0	0	0	0	0	0	0	0	0	0	0
A23180	0	0	0	0	0	0	0	0	0	1	0	1	0	0	1	1	1	0	0	0
A23194	0	0	1	0	0	0	0	0	1	0	0	0	0	0	0	0	0	0	0	0
A23198	0	0	0	0	0	0	0	1	0	0	0	0	0	0	1	0	1	0	0	1
A23199	0	0	0	0	1	0	0	0	0	1	0	1	0	0	0	0	1	0	0	0
A23205	0	0	0	0	0	0	0	0	0	0	0	1	0	0	1	0	0	0	0	0
A23206	0	0	0	0	1	1	0	0	0	1	0	1	0	0	1	0	1	0	0	0
A23214	0	0	0	0	0	0	0	0	1	1	1	0	0	0	0	0	1	0	0	0
A23218	0	1	0	1	0	0	0	0	0	0	0	0	0	1	0	0	0	0	0	0
A23220	0	0	0	0	1	0	1	0	1	1	0	0	0	0	0	0	0	0	0	0
A23235	0	0	0	0	0	0	0	0	0	1	0	1	0	0	1	0	0	0	0	0
A23236	0	0	0	0	0	0	0	0	1	0	0	0	0	1	0	0	0	0	0	0
A23242	0	0	0	0	0	1	0	0	0	1	1	1	0	0	0	0	0	0	0	0
A23246	0	0	0	0	0	0	0	0	1	0	0	0	0	0	1	0	1	0	0	0
A23255	0	0	0	0	1	0	0	0	0	1	0	0	0	0	0	0	0	0	0	0
A23258	0	0	0	0	0	0	0	0	0	1	0	1	0	0	0	0	1	0	0	0
A23262	0	0	0	0	0	0	0	0	0	0	0	1	0	0	0	1	1	0	0	0
A23263	0	0	0	0	0	0	0	0	1	0	0	0	0	0	0	0	0	0	0	0
A23276	0	0	0	0	0	0	0	0	1	0	1	0	0	0	1	0	0	0	0	0
A23279	1	1	0	0	0	0	0	0	0	0	0	0	0	0	0	0	0	0	0	0
A23286	0	0	0	0	0	0	0	0	1	0	0	0	0	0	0	0	1	0	0	0
A23293	0	0	0	0	0	0	0	0	0	1	0	0	0	0	0	0	1	0	0	1
A23296	0	0	0	0	0	0	0	0	0	1	1	1	0	0	0	1	0	0	0	0
A23305	0	0	0	0	0	0	1	0	0	1	1	0	0	1	0	0	0	0	0	0
A23311	0	0	0	0	0	0	0	0	0	1	0	1	0	0	0	0	1	0	0	0
A23313	0	0	0	0	1	0	0	0	0	0	0	0	0	0	0	0	1	0	0	0
A23320	0	0	0	0	1	0	0	0	0	1	0	0	0	0	0	0	1	0	0	1
A23332	0	0	0	0	0	0	0	0	0	0	0	1	0	1	0	1	0	0	0	0
A23336	0	0	0	0	0	0	0	0	1	0	0	0	0	0	0	0	1	0	1	0
A23343	0	0	0	0	0	0	0	0	0	0	1	1	0	0	1	0	0	0	0	0
A23349	0	0	0	0	0	0	0	1	1	0	0	0	1	0	0	0	1	0	0	1
A23350	0	1	0	0	1	0	0	0	0	0	0	0	0	0	0	0	0	0	0	0
A23357	0	0	0	0	0	0	0	0	0	1	0	1	0	0	0	0	1	0	0	0
A23364	0	0	1	0	0	0	0	1	1	0	0	0	0	0	1	0	0	0	0	0
A23367	0	0	0	0	0	0	0	0	0	0	0	0	0	0	1	0	0	0	0	0
A23369	1	0	0	0	1	0	0	0	0	0	0	1	0	0	0	0	0	0	0	1
A23372	0	0	0	0	0	0	0	0	0	0	1	0	0	0	0	0	0	0	0	0
A23375	0	0	0	0	0	0	0	0	0	0	1	1	0	1	0	0	0	0	0	0
A23382	1	1	0	0	0	0	0	0	1	0	0	0	0	0	0	0	0	0	0	1
A23383	1	0	0	0	0	0	0	0	1	0	0	0	0	0	0	0	0	0	1	1
A23390	0	0	0	0	0	0	0	0	0	1	0	1	0	0	0	0	0	0	0	0
A23391	0	0	0	0	0	0	0	0	1	0	0	0	0	1	0	1	0	0	0	0
A23392	0	0	0	0	0	1	0	0	1	1	0	1	0	0	0	0	1	0	0	0
A23394	0	1	0	0	0	0	0	0	1	0	0	0	0	0	0	0	1	0	1	0
A23401	1	0	0	0	1	0	0	0	0	0	0	0	0	0	1	0	0	0	0	1
A23405	1	1	0	0	1	0	0	0	0	0	0	0	0	0	0	0	0	0	0	0
A23416	0	0	0	0	1	0	0	0	1	1	0	0	0	0	0	0	1	0	0	0
A23417	0	1	0	0	0	0	0	0	0	0	0	0	0	0	1	0	0	0	1	1
A23419	0	0	1	0	0	0	0	0	0	1	0	0	0	1	0	0	0	0	1	0
A23425	0	1	0	0	0	0	0	0	0	0	0	0	0	1	1	0	0	0	1	0
A23431	1	0	0	0	1	0	0	0	0	0	0	0	0	0	1	0	0	0	0	1
A23439	1	0	0	0	1	0	0	0	1	0	0	0	0	0	0	0	0	0	0	1
A23440	0	0	0	0	1	0	0	0	0	0	0	0	0	0	1	0	1	0	1	0
A23442	0	0	0	0	0	0	0	0	1	0	0	0	0	0	0	0	0	0	0	0
A23445	1	1	0	0	0	0	0	0	0	0	1	0	0	0	1	0	0	0	1	1
A23451	0	0	0	0	0	1	0	0	0	1	0	0	0	0	0	0	0	0	0	0
A23454	0	0	0	0	0	0	1	0	1	1	0	0	0	0	0	1	0	0	0	0
A23467	1	1	1	0	0	0	0	0	1	0	0	0	0	0	1	0	0	0	1	0
A23468	0	0	0	0	1	0	1	0	1	1	0	0	0	0	0	1	0	0	0	1
A23470	0	0	0	0	0	0	0	0	0	1	0	1	0	0	1	1	1	0	0	0
A23474	0	0	0	0	0	0	0	0	0	0	1	1	0	0	0	1	0	0	0	0
A23475	0	0	0	0	0	0	0	0	0	0	0	0	0	1	0	0	1	1	0	0
A23477	0	0	0	0	1	0	0	0	0	0	0	0	0	0	0	0	0	0	0	0
A23488	0	0	0	0	0	0	0	0	0	1	0	1	0	0	0	0	1	0	0	0
A23492	0	1	0	0	0	0	0	0	0	1	0	0	0	0	0	0	1	0	0	0
A23494	0	0	0	0	1	0	1	0	1	0	0	0	0	0	1	0	0	0	0	1
A23497	1	1	0	0	0	0	0	0	0	1	0	0	0	0	0	0	0	0	0	1
A23500	1	0	0	0	1	0	0	0	1	0	0	0	0	0	1	0	0	0	0	1
A24024	0	0	0	0	1	0	0	0	1	1	0	0	0	0	1	0	0	1	0	0
A24026	0	0	0	0	0	0	0	0	0	1	1	0	0	0	0	0	0	0	0	0
A24027	1	1	0	0	0	0	0	0	0	0	1	0	0	0	0	0	0	0	0	0
A24029	0	0	0	0	0	0	0	0	0	0	0	0	1	0	1	0	0	0	0	0
A24040	0	1	0	0	0	0	0	0	0	1	0	0	0	0	1	0	0	0	0	0
A24044	1	0	0	0	1	1	0	0	0	0	0	0	0	0	0	0	0	0	0	1
A24049	0	0	0	0	1	0	1	0	0	1	0	0	0	0	0	1	0	0	0	0
A24053	0	0	0	0	1	0	0	0	0	0	0	1	0	0	0	1	0	0	0	0
A24054	1	0	0	0	0	0	0	0	0	0	1	1	0	0	0	0	0	0	0	0
A24055	0	0	0	0	0	0	0	0	0	0	0	1	0	0	0	0	0	0	0	1
A24057	0	0	0	0	0	0	0	0	1	0	0	0	0	0	1	0	0	0	0	0
A24058	0	0	0	0	1	0	0	0	0	1	0	0	0	0	0	0	0	0	0	0
A24062	0	1	0	0	0	0	0	0	1	0	0	0	0	1	1	0	1	0	0	0
A24063	0	0	0	0	1	1	1	0	0	0	0	0	0	0	0	0	0	0	0	0
A24068	0	0	0	0	0	0	0	0	1	1	0	1	0	0	0	1	0	0	0	0
A24073	0	0	0	0	0	0	0	0	0	1	0	1	0	0	0	0	1	0	0	1
A24074	0	0	0	0	1	0	1	0	1	1	0	0	0	0	0	0	0	0	0	0
A24078	1	1	0	0	0	0	0	0	0	0	0	0	0	0	0	0	0	0	0	1
A24085	0	0	0	0	1	0	0	0	0	0	0	1	0	0	0	0	1	0	0	0
A24087	0	0	0	0	0	0	0	0	1	0	0	0	0	0	0	0	0	0	0	0
A24089	0	0	0	0	0	0	0	0	0	0	1	0	0	0	0	1	1	0	0	0
A24100	0	1	0	0	0	0	0	0	0	0	0	1	0	0	0	0	0	0	0	0
A24104	1	0	0	0	0	0	0	0	0	0	0	0	0	0	0	0	0	0	0	0
A24110	0	0	0	0	0	0	0	0	0	0	0	0	0	0	0	1	1	1	0	0
A24114	0	0	0	0	0	0	0	0	1	1	0	1	0	1	0	1	0	0	0	0
A24119	0	0	0	0	0	0	0	0	1	0	0	1	0	0	0	0	1	0	0	0
A24123	0	1	0	0	0	0	0	0	1	0	0	1	0	0	0	1	0	0	0	1
A24124	0	0	0	0	0	0	0	0	1	0	0	0	0	0	1	0	0	0	0	0
A24128	0	0	0	0	0	0	0	0	1	0	0	0	0	1	0	1	0	1	0	0
A24130	0	0	0	0	1	0	0	0	1	0	0	0	0	0	0	0	1	0	1	0
A24132	1	1	0	0	0	0	0	1	0	0	0	0	0	0	0	0	0	0	0	1
A24135	0	0	0	0	0	0	0	0	0	0	0	0	0	0	1	0	0	0	0	1
A24142	0	1	0	0	0	0	0	0	1	0	0	0	0	0	1	0	1	0	0	0
A24151	0	0	0	0	0	0	0	0	0	0	0	0	0	0	0	1	1	0	0	0
A24153	1	0	0	0	1	0	0	1	0	0	0	0	0	0	0	0	0	0	0	0
A24156	0	0	0	0	0	0	0	1	0	1	0	1	1	1	1	0	1	0	1	0
A24173	0	0	0	0	0	0	0	1	1	0	0	1	1	0	0	0	0	1	0	0
A24184	0	0	0	0	1	0	0	0	0	1	0	1	0	0	1	0	1	0	0	0
A24189	0	0	0	0	0	0	0	0	1	0	0	0	1	0	0	0	0	0	0	1
A24200	1	1	0	0	0	0	0	0	0	0	0	0	0	0	0	0	0	0	0	0
A24206	0	0	0	0	0	0	0	0	1	0	0	0	0	0	1	0	0	0	0	0
A24209	0	0	0	0	0	0	0	0	1	0	0	0	0	0	0	0	0	0	0	0
A24211	0	0	0	0	0	1	0	0	0	1	0	1	0	0	0	0	1	0	0	0
A24213	0	0	0	0	0	0	0	0	0	1	0	1	0	0	0	0	0	0	0	0
A24215	0	0	0	0	1	1	1	0	0	0	0	0	0	0	0	0	0	0	0	0
A24225	0	1	0	0	1	0	0	0	0	0	0	0	0	0	0	0	1	0	0	0
A24227	0	0	0	0	1	0	0	0	0	0	0	0	0	0	1	1	0	0	0	1
A24228	0	1	0	0	0	0	0	0	0	0	0	0	0	0	0	0	0	0	0	0
A24231	1	1	0	0	0	0	0	0	0	0	0	0	0	0	1	0	1	0	0	0
A24234	0	0	0	0	0	0	0	0	1	1	0	0	0	0	1	0	0	0	0	0
A24265	0	0	0	0	1	0	0	1	0	1	0	0	0	0	0	0	1	0	0	0
A24278	0	0	0	0	0	0	1	0	0	1	0	0	0	0	0	0	0	0	0	0
A24279	0	0	0	0	0	0	0	1	1	0	0	0	0	0	0	0	1	0	0	0
A24288	0	0	0	0	0	0	0	0	0	1	0	0	0	0	1	0	1	0	0	0
A24289	1	1	0	0	0	0	0	0	0	0	0	1	0	0	0	0	0	0	0	0
A24290	0	0	0	0	0	0	0	0	1	1	0	0	0	1	0	0	0	0	0	0
A24327	1	0	0	0	1	1	0	0	0	0	0	0	0	0	1	0	1	0	0	1
A24330	0	0	0	0	1	0	1	0	1	1	0	0	0	0	0	0	0	0	0	0
A24332	1	1	0	0	0	0	0	0	0	0	0	0	0	0	0	0	0	0	0	0
A24344	0	0	0	0	1	1	0	0	0	0	0	0	0	0	0	0	1	0	0	1
A24356	0	0	0	0	0	0	0	0	1	0	1	1	0	0	1	0	0	0	1	1
A24357	0	0	0	0	1	0	0	1	0	0	0	1	0	0	0	1	0	0	0	1
A24364	0	0	0	0	0	1	0	0	0	1	0	1	0	0	0	1	1	0	0	0
A24372	0	0	0	0	0	0	1	0	0	1	0	0	0	0	0	0	1	0	0	1
A24378	0	0	0	1	1	0	0	0	1	1	0	0	0	0	1	0	0	0	0	0
A24384	0	1	0	0	0	0	0	1	1	0	0	0	0	0	1	0	0	0	0	0
A24390	0	1	0	0	0	0	0	0	1	0	0	0	0	0	0	1	0	0	0	0
A24398	1	1	1	0	0	0	1	0	0	0	0	0	0	0	0	0	0	0	0	0
A24403	1	0	0	0	1	0	0	0	0	0	0	1	0	0	0	0	0	0	0	0
A24404	0	0	0	0	0	0	1	0	1	1	0	0	0	0	0	0	0	0	0	0
A24411	0	1	0	0	0	0	0	0	0	0	0	1	0	0	0	0	1	0	0	0
A24412	0	1	0	0	0	0	0	0	0	0	0	0	0	0	0	0	1	0	1	0
A24415	0	0	0	0	1	1	0	0	0	0	0	0	0	0	0	0	1	0	0	0
A24418	0	0	0	0	0	0	0	0	0	0	0	1	1	0	0	0	0	0	0	0
A24427	0	0	0	0	0	0	0	0	1	1	0	1	0	0	0	0	0	0	0	0
A24436	0	1	0	0	0	0	0	0	0	0	0	0	0	1	0	0	0	0	0	0
A24437	0	0	0	0	1	0	0	0	0	0	0	0	0	0	0	0	0	0	0	1
A24441	1	0	0	0	0	0	0	0	1	0	1	0	0	0	0	0	1	0	1	0
A24444	0	0	0	0	1	1	0	0	0	0	0	0	0	0	0	0	1	0	0	1
A24447	0	0	0	0	0	0	0	0	0	1	0	1	0	0	0	1	0	0	0	0
A24452	0	0	0	0	1	0	0	0	0	0	0	1	0	0	1	0	1	0	0	0
A24454	1	1	0	0	1	0	0	0	0	0	0	0	0	0	0	0	1	0	1	0
A24469	1	1	0	0	0	0	0	0	0	0	0	0	0	0	0	1	0	0	0	0
A24478	0	1	0	0	1	0	1	0	0	1	0	0	0	0	0	0	0	0	0	0
A24479	0	1	0	0	0	0	0	0	1	0	0	0	0	0	1	0	0	0	0	0
A24494	0	0	0	0	1	0	1	0	1	1	0	1	0	0	0	1	0	0	0	0
A25002	0	0	0	0	0	0	0	0	0	0	0	1	0	0	0	0	1	0	0	1
A25007	0	0	0	0	1	0	0	0	1	1	0	0	0	0	0	0	0	0	0	1
A25028	0	0	0	0	0	0	0	0	0	0	0	0	0	0	0	0	1	0	0	0
A25031	0	0	0	0	1	0	0	0	0	1	0	1	0	0	0	0	1	0	0	0
A25035	0	0	0	0	1	0	0	0	0	1	0	1	0	0	0	0	1	0	0	0
A25039	0	0	0	0	0	0	0	0	1	1	0	0	0	0	1	1	0	0	0	1
A25040	0	0	0	0	1	0	0	0	0	0	0	0	0	0	0	0	0	0	0	0
A25043	0	0	0	0	0	0	0	0	0	0	0	0	0	1	0	0	0	0	0	0
A25055	0	0	0	0	0	0	0	0	0	0	0	0	0	0	0	0	1	0	0	0
A25070	0	0	0	0	0	0	0	0	1	0	0	0	0	0	1	0	0	0	0	1
A25079	0	1	0	0	0	0	0	0	1	0	0	0	0	0	1	0	0	0	0	0
A25086	1	1	0	0	0	0	0	0	1	0	0	0	0	0	0	0	1	0	1	0
A25100	0	0	0	0	0	0	0	0	0	1	0	1	0	0	0	0	1	0	0	0
A25115	0	0	0	0	1	0	0	0	0	0	0	0	0	0	0	1	1	0	0	1
A25126	1	1	0	0	0	0	0	0	0	0	0	0	0	0	1	0	1	0	0	1
A25128	0	0	0	0	0	0	0	0	0	1	0	1	0	0	0	0	1	0	0	0
A25151	0	0	0	0	0	0	0	0	0	1	0	1	0	0	0	0	0	0	0	0
A25161	0	0	0	0	0	0	0	0	1	0	0	0	0	0	1	0	0	0	1	0
A25162	0	0	0	0	0	0	0	0	0	1	0	0	0	0	0	0	1	0	1	1
A25173	1	0	0	0	0	0	0	0	0	0	1	0	0	0	1	1	1	0	0	0
A25181	1	1	0	0	0	0	0	0	0	0	0	0	0	0	0	0	0	0	0	0
A25186	0	0	0	0	0	0	0	1	0	0	0	1	0	0	1	0	0	0	0	0
A25199	0	0	0	0	0	0	0	0	0	0	0	1	0	0	0	1	0	0	0	0
A25202	0	0	0	0	0	0	0	0	0	1	0	1	0	0	0	0	1	0	0	0
A25206	0	0	0	0	0	0	0	0	0	0	0	0	0	0	0	0	1	0	0	1
A25212	0	0	0	0	0	0	0	0	1	0	0	0	0	0	1	1	1	0	0	0
A25215	0	1	0	0	0	0	1	0	1	0	0	0	0	0	0	0	0	0	0	0
A25222	0	0	0	0	0	0	0	0	0	0	0	1	0	0	0	0	1	1	0	0
A25230	0	0	0	0	0	0	0	0	0	0	0	0	0	1	0	1	0	0	0	0
A25238	0	0	0	0	1	0	1	0	0	0	0	0	0	0	0	0	0	0	0	0
A25243	0	0	0	0	0	0	0	0	0	1	0	0	0	0	0	1	0	0	0	0
A25246	0	0	0	0	0	0	0	0	0	1	0	1	0	0	0	0	0	0	1	0
A25253	0	0	0	0	0	0	0	0	1	0	0	0	0	0	1	0	1	0	0	0
A25255	0	0	0	0	0	0	0	0	0	0	0	0	0	0	1	0	0	0	0	0
A25259	0	0	0	0	0	0	0	0	1	0	0	1	0	0	0	1	0	0	0	1
A25268	0	0	1	0	0	0	0	0	1	0	0	1	0	0	1	1	0	0	0	0
A25271	0	0	0	0	0	1	0	0	1	1	0	0	0	0	0	0	0	0	0	0
A25283	0	0	0	0	0	0	0	0	0	0	0	0	0	0	1	0	0	0	0	1
A25288	0	0	0	0	0	0	0	0	0	1	0	0	0	0	0	0	0	0	1	0
A25292	0	0	0	0	0	0	0	0	0	0	0	0	0	1	0	0	0	0	0	0
A25296	1	0	0	0	1	0	0	0	0	0	0	0	0	0	0	1	1	0	0	1
A25300	0	0	0	0	0	0	0	0	0	0	0	0	0	0	0	0	1	1	0	0
A25313	0	0	0	0	0	0	0	0	0	1	0	1	0	0	0	0	0	0	0	0
A25326	0	0	0	0	0	0	0	0	0	0	0	1	0	0	0	0	0	0	0	0
A25334	0	0	0	0	1	0	0	0	1	0	0	0	0	0	1	0	0	0	0	0
A25344	0	0	0	0	0	1	0	0	1	0	0	1	0	0	0	0	1	0	0	0
A25345	0	0	0	0	0	0	0	1	1	1	1	0	0	0	0	0	1	0	1	0
A25353	0	1	0	0	0	0	0	0	0	1	0	0	0	0	0	0	0	0	0	0
A25357	0	0	0	0	0	0	0	0	0	1	0	0	0	0	0	0	1	0	1	1
A25360	0	0	0	0	1	0	0	0	0	0	0	0	0	0	1	0	0	0	0	1
A25364	0	0	0	0	0	0	0	0	0	0	0	0	0	0	0	1	1	0	0	1
A25373	0	1	0	0	0	0	0	0	0	1	0	0	0	0	1	1	1	0	1	1
A25374	1	1	0	0	1	1	0	0	0	0	0	0	0	0	0	0	0	0	0	1
A25377	0	0	0	0	1	0	0	0	0	0	0	0	0	0	0	0	1	0	1	1
A25379	1	0	0	0	1	0	0	0	1	0	0	0	0	0	1	0	0	0	0	0
A25381	0	0	0	0	1	0	0	0	0	0	0	0	0	0	0	0	1	0	1	1
A25386	0	0	0	0	1	1	0	0	0	1	0	0	0	0	0	0	1	0	1	0
A25387	0	0	0	0	0	0	0	0	0	1	0	1	0	0	1	0	1	0	0	0
A25391	0	0	0	0	0	0	0	0	0	0	0	0	0	0	0	0	0	0	0	1
A25395	0	1	0	0	0	0	0	0	1	0	0	0	0	0	0	0	1	0	0	0
A25402	0	0	0	0	0	0	0	0	0	0	0	0	0	0	1	0	1	0	0	0
A25404	0	0	0	0	0	0	0	0	0	0	0	0	0	0	1	1	0	0	0	0
A25410	0	0	0	0	1	1	0	0	0	1	0	1	0	0	0	0	0	0	0	0
A25416	0	0	0	0	0	0	0	0	1	0	0	1	0	0	1	1	1	0	0	0
A25417	0	0	0	0	0	0	1	0	1	1	0	0	0	0	0	0	0	0	1	0
A25422	0	1	0	0	0	0	0	0	1	0	0	0	0	0	0	0	1	0	0	0
A25424	0	0	0	0	0	0	0	0	1	0	0	1	0	0	0	0	1	0	0	0
A25425	0	0	0	0	0	1	0	0	0	1	0	1	0	0	0	1	0	1	0	0
A25435	0	0	0	0	0	0	0	0	1	1	0	0	0	0	0	0	0	0	0	0
A25438	0	0	0	0	0	0	0	0	0	1	0	0	0	0	0	0	0	0	0	0
A25440	1	0	0	0	0	0	0	0	1	0	0	0	0	0	1	0	0	0	0	1
A25443	0	0	0	0	0	0	0	0	1	0	0	0	1	0	1	1	0	0	1	0
A25451	0	1	0	0	0	0	0	0	1	0	0	0	0	0	0	0	0	0	0	0
A25454	0	0	0	0	0	0	0	0	0	0	0	0	0	0	0	0	0	1	0	0
A25458	1	1	0	0	1	0	0	0	0	0	0	0	0	0	0	0	0	0	0	0
A25460	0	1	1	0	0	0	0	0	1	0	0	0	0	1	0	0	0	0	0	0
A25464	0	1	0	1	0	0	0	0	0	1	0	1	0	0	0	0	1	0	0	0
A25473	1	1	0	0	0	0	0	0	0	0	0	0	0	0	0	0	0	0	0	0
A25482	0	0	0	0	0	0	0	0	1	0	0	0	0	0	1	0	1	0	0	0
A25484	0	0	0	0	0	0	0	0	1	1	0	0	0	0	0	0	1	0	0	0
A25495	1	0	0	0	0	1	0	0	0	0	0	0	0	0	0	0	0	0	1	1
A05070	1	1	0	0	0	0	0	0	1	0	0	0	0	0	0	0	1	0	0	0
A08015	0	0	0	0	0	0	0	0	1	0	0	0	0	0	0	0	0	0	0	0
A12079	0	0	0	0	1	0	0	0	0	1	0	0	0	0	0	0	1	0	0	0
A12203	0	0	0	0	0	0	0	0	0	1	0	0	0	0	1	0	1	0	0	0
A12350	1	0	0	0	0	0	0	0	0	1	0	0	0	0	0	1	1	0	0	0
A12399	1	0	1	1	0	0	0	0	0	0	0	0	0	0	0	0	0	0	0	0
A12482	0	0	0	0	1	0	0	0	0	1	0	0	0	0	0	0	1	0	0	0
A14004	0	0	0	0	1	0	0	0	0	0	0	0	0	0	1	1	0	0	0	0
A15018	0	0	0	0	0	0	0	0	0	0	0	0	0	0	0	0	1	0	1	1
A18193	1	0	0	0	0	0	0	0	1	0	0	0	1	0	1	0	0	0	1	0
A18213	0	0	0	0	0	0	0	0	0	1	0	0	0	0	0	0	1	0	0	0
A18228	0	0	0	0	0	0	0	0	0	1	0	0	0	0	0	0	0	0	0	0
A18319	0	0	0	0	1	0	0	0	0	0	0	0	0	0	1	0	1	0	0	0
A18338	1	1	0	0	0	0	0	0	0	0	1	0	0	0	0	0	0	0	1	1
A19087	1	0	1	1	1	0	0	0	1	0	0	0	1	0	1	0	0	0	0	1
A19224	0	0	0	0	1	0	1	0	1	0	0	0	0	1	0	1	0	0	0	0
A19360	1	0	0	1	1	1	0	0	1	1	0	0	0	0	1	0	0	0	1	1
A19404	0	0	1	0	1	0	0	0	1	0	0	0	0	0	0	0	1	0	0	0
A19477	0	0	0	0	1	0	0	0	0	1	0	0	0	0	0	0	0	0	1	1
A19479	1	1	0	0	0	0	0	0	0	0	1	0	0	0	0	0	0	0	0	0
A20284	0	0	0	0	0	0	0	0	0	1	0	0	0	0	0	0	1	0	0	0
A20295	0	1	0	0	0	0	0	0	1	1	0	0	0	0	0	0	1	0	0	1
A20315	0	0	0	0	1	0	0	0	0	0	0	1	0	0	1	0	1	0	0	0
A20339	0	0	0	0	0	0	0	0	0	1	0	0	0	0	0	0	1	0	0	0
A21091	1	0	0	0	0	0	0	0	1	0	0	1	0	0	0	1	0	0	1	0
A21232	0	0	0	0	0	0	0	0	0	1	0	1	0	0	0	0	1	0	0	0
A22170	0	0	0	0	0	0	0	0	0	1	0	1	0	0	0	0	1	0	0	1
A22200	0	0	0	0	0	0	0	1	0	1	0	1	0	0	0	1	0	0	0	0
A22395	0	0	1	0	1	0	0	0	1	1	0	0	0	0	1	0	0	0	0	0
A22483	1	1	1	0	0	0	0	1	0	0	0	0	0	0	0	0	0	0	0	1
A23020	1	0	1	1	1	0	0	0	0	0	0	0	0	0	0	0	0	0	0	0
A23302	0	0	0	0	0	0	0	0	0	1	0	1	0	0	0	0	1	0	0	0
A23355	1	0	0	0	1	0	0	0	0	1	0	0	0	0	0	0	0	0	0	1
A24161	1	0	1	0	0	0	0	0	1	0	0	1	0	0	0	0	0	0	0	1
A24208	0	0	0	0	1	1	0	0	0	1	0	0	0	0	1	0	0	0	0	0
A24233	0	0	0	0	1	0	0	0	0	0	0	1	0	0	0	1	0	0	0	0
A24272	0	0	0	0	0	0	0	0	0	1	0	0	0	0	0	0	1	0	0	0
A24440	0	1	0	0	0	0	0	0	0	1	0	0	0	0	1	0	0	0	0	0
A24459	0	0	0	0	0	0	0	0	0	1	0	0	0	0	0	0	1	0	0	0
A24495	0	0	0	0	1	0	1	0	0	0	0	1	0	0	0	0	1	0	0	1
A25009	0	0	0	0	0	0	0	0	1	0	0	0	0	0	0	1	0	0	0	0
A25013	0	0	0	0	0	0	0	0	0	1	0	0	0	0	0	0	1	0	0	0
A25084	0	0	0	1	0	0	0	0	0	0	0	0	0	0	0	0	0	0	0	0
A25095	0	0	0	0	0	0	0	0	1	0	0	0	0	0	0	0	0	0	0	0
A25148	0	1	0	0	0	0	0	0	0	0	0	0	0	0	0	0	1	0	0	1
A25419	1	1	0	0	0	0	0	0	0	0	0	0	0	0	0	0	0	0	0	0
A05047	1	1	1	0	0	0	0	0	0	0	0	0	0	0	0	0	1	0	0	0
A06017	0	0	0	0	1	0	0	0	0	1	0	0	0	0	0	0	0	0	0	0
A07006	0	1	0	0	0	0	0	0	0	1	0	0	1	0	0	0	0	0	0	0
A07039	1	1	0	0	0	0	0	1	0	0	1	1	1	0	0	0	1	0	0	0
A07067	0	0	0	0	1	1	0	0	0	1	0	0	0	0	0	0	1	0	1	1
A08010	1	1	0	0	0	0	0	0	0	0	0	0	0	0	1	0	0	0	0	0
A09010	0	0	0	0	0	0	0	0	0	0	1	1	0	0	1	1	1	0	0	1
A09014	0	0	0	0	0	0	0	0	1	0	1	0	0	0	0	0	1	0	1	0
A09034	0	1	0	0	0	0	0	0	1	0	1	0	0	0	1	0	0	0	0	0
A09039	0	1	1	0	0	0	0	0	0	0	1	0	0	0	1	0	1	0	1	0
A09077	0	0	0	0	0	1	0	1	0	1	0	0	0	1	0	0	1	0	0	0
A09081	0	0	0	0	0	1	0	1	1	0	0	0	0	0	0	0	0	0	0	0
A12001	0	1	0	0	1	0	0	0	0	0	0	1	0	0	0	0	0	0	0	0
A12040	0	0	0	0	1	0	0	0	1	1	0	0	0	0	1	0	1	0	1	0
A12052	0	0	0	0	0	0	0	0	1	0	0	0	0	0	0	0	0	0	0	0
A12085	0	1	0	0	0	0	0	0	0	0	0	0	0	0	0	0	0	0	0	0
A12090	0	1	0	0	0	1	0	0	0	0	0	0	0	0	1	0	0	0	1	0
A12108	0	0	0	0	1	0	0	0	0	0	0	0	0	0	0	0	0	0	0	0
A12145	1	0	0	0	0	0	0	0	0	0	0	0	0	0	1	0	0	0	1	1
A12151	1	0	1	0	1	0	0	0	0	0	0	0	0	0	0	0	0	0	0	0
A12235	0	0	0	0	0	0	0	0	1	1	0	0	1	0	0	0	1	0	1	1
A12285	0	0	0	0	0	0	0	0	0	1	0	0	0	0	0	0	1	0	0	0
A12331	1	1	1	0	0	0	0	0	0	0	0	0	0	0	0	0	0	0	1	0
A12339	0	0	0	0	0	0	0	0	0	0	1	1	0	0	0	0	0	0	0	1
A12342	0	0	0	0	1	0	0	0	1	0	0	0	0	0	0	0	0	0	0	0
A12373	0	0	0	0	1	0	0	0	1	0	0	0	0	0	0	0	0	0	0	0
A12401	1	1	0	0	0	0	0	0	1	0	1	0	0	0	1	0	0	0	0	0
A14009	0	1	0	0	0	1	0	0	0	1	0	0	0	0	0	0	0	0	0	0
A15012	0	1	1	0	0	0	0	0	0	0	0	0	0	0	0	0	0	0	1	0
A17020	0	0	0	0	0	0	0	0	0	0	0	0	0	0	0	0	1	0	1	1
A18158	0	0	0	0	0	0	0	0	1	1	0	1	0	0	0	0	0	0	0	0
A18186	0	0	0	0	0	0	0	0	0	0	0	0	0	0	0	0	1	0	0	0
A18209	0	0	0	0	1	0	1	0	1	1	0	0	0	0	0	0	0	0	0	0
A18258	0	0	0	0	1	1	1	0	1	1	0	0	0	0	0	0	0	0	0	0
A18342	1	0	0	0	0	0	0	0	0	0	0	0	0	0	1	1	1	0	0	0
A18366	0	1	0	0	0	0	0	0	1	0	1	0	0	0	0	0	0	1	0	0
A18447	1	0	0	0	1	0	0	0	1	0	0	0	0	0	1	1	0	0	0	0
A18457	0	1	0	0	1	0	0	0	1	0	0	0	0	0	0	0	0	0	0	0
A18495	0	0	0	0	1	0	0	0	1	0	0	0	0	0	1	0	0	0	0	0
A19005	0	1	0	0	0	0	0	0	0	0	1	0	0	1	1	1	1	1	1	0
A19012	0	0	0	0	0	0	0	0	1	1	0	0	0	0	0	0	1	0	0	0
A19142	0	0	1	0	1	1	0	1	1	0	1	1	0	0	1	0	0	0	0	0
A19175	0	0	0	0	0	0	0	0	1	0	0	0	0	0	0	0	0	1	0	0
A19177	0	0	0	0	0	1	0	1	1	1	0	1	0	0	1	0	1	0	1	0
A19237	0	0	0	0	1	0	0	0	1	1	0	0	0	0	1	0	0	0	0	1
A19275	1	1	0	0	0	0	1	0	1	0	0	0	0	0	0	0	0	1	0	0
A19361	0	0	1	0	1	0	0	0	0	0	0	0	0	0	1	0	1	0	0	0
A20020	1	0	0	0	0	0	0	0	0	1	0	0	0	0	0	0	1	0	0	0
A20026	0	0	1	0	1	0	0	0	0	0	0	0	0	0	0	0	0	0	0	0
A20049	0	0	0	0	1	0	0	0	0	0	0	0	0	0	1	0	1	0	0	0
A20050	0	0	0	0	0	0	1	0	1	0	0	0	0	0	0	0	1	0	0	0
A20071	0	0	0	0	0	1	0	0	1	0	0	0	0	0	0	1	0	0	0	0
A20094	0	1	0	0	0	0	0	0	1	0	0	0	0	0	0	0	0	1	0	0
A20141	0	1	0	0	1	0	1	0	1	0	0	0	0	0	0	0	0	0	0	0
A20194	0	0	0	0	0	0	0	0	1	1	0	0	0	0	1	0	1	0	0	0
A20195	1	1	0	0	0	0	0	0	0	0	0	0	0	0	1	0	0	0	0	0
A20201	0	0	0	0	0	0	0	0	0	1	1	0	0	0	0	0	1	0	0	0
A20268	0	0	0	0	0	1	0	0	0	0	0	0	0	0	1	0	0	0	0	1
A20331	0	0	0	0	0	0	0	0	1	0	0	0	0	0	0	0	0	0	0	1
A20350	0	0	0	0	0	0	0	0	1	0	0	1	0	0	1	0	0	0	1	0
A20362	0	0	0	0	1	0	0	0	1	0	0	0	0	0	0	0	0	1	0	0
A20399	1	1	0	0	0	0	0	0	1	0	0	0	0	0	1	0	0	0	0	0
A20481	0	0	0	0	1	0	0	1	1	1	0	0	0	0	1	1	1	0	1	0
A20490	0	0	0	0	1	1	0	0	0	0	0	1	0	0	0	0	0	0	0	0
A21009	0	0	0	0	1	0	0	0	1	1	0	0	0	0	0	0	0	0	0	0
A21035	1	1	0	0	0	0	0	0	0	0	1	0	1	0	0	0	1	0	0	0
A21040	0	0	0	0	0	0	0	0	0	0	1	1	0	0	0	0	1	1	0	0
A21058	1	0	0	0	1	0	0	0	1	0	0	0	0	0	1	0	1	0	0	0
A21156	0	0	0	0	1	0	0	0	1	0	0	0	0	0	1	0	1	0	0	0
A21191	0	1	0	0	0	0	0	0	1	1	0	0	0	0	0	0	1	1	0	0
A21293	0	0	0	0	0	0	0	0	1	0	0	0	0	0	0	0	1	0	0	0
A21300	1	1	0	0	0	0	0	0	0	0	0	0	0	0	0	0	0	0	0	0
A21314	0	0	0	0	0	0	0	0	0	1	0	1	0	0	0	1	1	0	0	1
A21448	0	0	1	0	0	0	0	0	1	0	0	1	0	0	1	0	1	0	0	0
A22016	0	0	0	0	0	1	0	0	1	0	0	1	0	0	1	0	0	0	0	1
A22113	0	1	0	0	1	0	0	0	1	0	0	0	0	0	1	0	0	0	0	0
A22144	0	0	0	0	0	0	0	0	1	1	0	0	0	0	1	0	0	0	0	0
A22160	0	1	0	0	0	1	0	0	0	0	0	0	0	0	1	0	0	0	0	0
A22169	0	1	1	0	0	0	1	0	1	0	0	0	0	0	1	0	0	0	1	0
A22176	0	1	0	0	0	0	0	0	1	0	1	0	0	0	0	0	0	1	0	0
A22280	1	1	0	0	0	0	0	0	0	0	1	0	0	0	0	0	0	0	1	1
A22406	1	0	0	0	1	0	1	0	0	0	0	0	0	0	0	0	1	0	0	0
A22438	1	1	0	0	0	0	0	0	0	0	0	0	0	0	0	0	0	0	0	0
A22456	0	0	0	0	0	0	0	0	1	0	0	0	0	0	0	1	0	0	0	0
A23021	0	1	0	0	0	0	0	0	0	0	0	0	0	0	0	0	0	0	0	0
A23057	0	0	0	0	1	0	1	0	1	0	0	0	0	0	0	0	0	0	0	0
A23109	0	1	0	0	0	0	0	1	1	0	0	0	0	0	1	0	0	1	0	0
A23179	0	0	0	0	0	0	0	0	0	0	0	1	0	0	0	0	1	0	0	1
A23222	0	1	0	0	0	0	0	0	1	0	0	0	0	0	1	0	0	0	0	0
A23244	0	1	0	0	0	0	0	0	1	0	0	0	0	0	0	0	0	0	0	0
A23299	0	0	0	0	1	0	0	0	1	0	0	0	0	0	1	0	0	0	0	0
A23341	0	0	0	0	0	0	0	0	0	0	1	1	0	0	0	0	0	0	0	0
A23428	0	0	0	0	0	1	0	0	0	0	1	0	0	0	0	0	0	0	0	0
A24144	0	0	0	0	1	0	0	0	0	0	0	0	0	0	0	0	0	0	0	1
A24159	0	1	1	0	1	0	0	1	1	1	0	0	0	0	1	0	0	0	0	1
A24181	0	0	0	0	0	0	0	0	0	1	1	0	0	0	0	0	1	0	0	0
A24275	0	0	0	0	1	0	0	0	1	0	0	0	0	0	0	0	1	0	0	0
A24281	1	1	0	0	0	0	0	0	0	0	0	0	0	0	0	0	0	0	0	1
A24319	0	0	0	0	0	0	0	0	1	0	0	0	0	0	1	0	1	0	0	0
A24348	0	1	0	0	0	0	0	0	1	1	0	0	0	0	0	1	0	0	0	0
A24422	1	1	0	0	1	0	0	0	0	0	0	0	0	0	0	0	0	0	0	0
A25061	0	0	0	0	0	0	0	0	0	0	0	1	0	0	0	0	0	0	0	0
A25088	0	0	0	0	0	0	0	0	1	0	0	0	0	0	0	0	0	0	0	1
A25157	0	0	0	0	0	0	0	0	1	1	0	0	0	0	0	0	0	0	1	0
A25192	1	1	0	0	0	0	0	0	0	0	0	0	0	0	0	0	1	0	1	1
A25211	0	0	0	0	1	0	0	0	1	0	0	0	0	0	0	1	0	0	0	0
A25214	0	0	0	0	1	0	0	0	0	0	0	0	0	0	0	0	0	0	0	1
A25291	0	0	0	0	0	0	0	0	0	0	0	0	0	0	0	0	1	0	0	0
A25323	0	0	0	0	0	0	0	0	1	0	0	1	0	0	0	0	0	0	0	0
A25432	0	1	1	0	1	0	0	0	1	0	0	1	0	0	0	0	0	0	1	0
C26001	0	0	0	0	1	0	1	0	1	0	0	0	0	0	0	0	0	0	0	0
C26002	0	0	0	0	1	0	0	0	1	0	0	0	0	0	0	0	0	0	0	0
C26013	0	0	0	0	0	0	0	0	0	0	0	0	0	1	0	0	0	0	0	1
C26015	0	0	0	0	0	0	1	0	0	1	0	0	0	0	0	0	0	1	0	0
C26018	0	0	0	0	0	0	0	0	0	0	0	1	0	0	0	0	0	0	0	0
C26024	0	0	0	0	0	0	1	0	0	1	0	0	0	0	0	0	0	0	0	0
C26029	0	0	0	0	0	0	0	0	0	1	0	0	0	0	0	0	0	0	0	0
C26032	0	1	0	0	0	0	0	0	1	0	0	0	0	0	0	0	0	0	0	0
C26037	0	0	0	0	1	0	0	0	0	0	0	0	0	0	0	0	0	0	0	1
C26046	0	0	0	0	0	0	0	0	0	0	0	0	0	0	1	0	0	0	0	1
C26049	0	1	0	0	0	0	0	0	0	0	0	0	0	0	1	0	0	0	0	0
C26052	0	0	0	0	0	0	0	0	1	0	0	0	0	0	1	0	0	0	0	0
C26061	0	0	0	0	0	0	0	0	0	0	0	1	0	0	0	1	1	0	0	0
C26066	0	0	0	0	0	0	0	0	1	1	0	0	0	0	0	0	1	0	0	0
C26080	0	0	0	0	1	0	0	0	1	0	0	0	0	0	1	1	0	0	0	0
C26089	0	1	0	0	0	0	0	0	0	1	0	0	0	0	0	0	0	0	0	0
C26095	0	0	0	0	0	0	0	0	0	0	0	0	0	1	0	0	0	0	0	1
C26098	0	0	0	0	1	0	1	0	0	0	0	0	0	0	0	0	0	0	0	0
D27002	0	0	0	0	0	0	0	0	1	0	0	0	0	0	0	0	0	0	0	0
D27003	0	0	0	0	0	0	0	0	0	0	0	0	0	1	0	0	0	0	0	0
D27011	0	0	0	0	0	0	0	0	0	0	1	0	0	0	0	0	1	0	0	0
D27026	0	0	0	0	0	0	0	0	0	0	0	0	0	0	0	0	0	1	0	0
D27031	0	0	0	0	0	0	0	0	0	0	0	0	0	0	0	0	1	0	0	1
D27033	0	0	0	0	0	0	0	0	0	0	0	0	0	0	1	0	1	0	1	0
D27037	0	0	0	0	0	0	0	1	1	1	0	1	0	0	0	0	1	0	0	1
D27045	0	0	0	0	0	0	0	0	1	1	0	0	0	0	0	0	0	0	0	0
D27046	0	0	0	0	0	0	0	0	1	0	0	0	0	0	1	0	0	0	0	0
D27048	0	0	0	0	0	0	0	0	1	0	0	0	0	0	0	0	0	0	0	0
D27049	0	0	0	0	1	0	0	0	1	0	0	0	0	0	0	0	0	0	0	0
D27052	0	0	0	0	0	0	0	0	0	1	0	0	0	0	0	0	1	0	0	0
D27054	0	0	0	0	0	0	0	0	0	0	0	0	0	0	0	0	1	0	1	0
D27059	0	0	0	0	0	0	0	0	1	0	0	0	0	0	0	0	0	0	0	0
D27070	0	1	0	0	0	0	0	0	0	0	0	1	0	0	0	0	0	0	0	0
D27072	0	0	0	0	1	0	0	0	0	0	0	0	0	0	0	0	0	0	0	0
D27079	0	0	0	0	1	0	0	0	1	0	0	0	0	0	0	0	0	0	0	0
D27084	0	0	0	0	0	0	0	0	1	0	0	0	0	0	1	0	0	0	0	0
D27085	0	0	0	0	1	0	0	0	0	1	0	0	0	1	0	0	0	0	0	0
D27086	0	0	0	0	0	0	0	0	0	0	1	0	0	0	0	0	0	0	0	0
D27092	0	0	0	0	1	0	1	0	1	0	0	0	0	0	0	0	0	0	0	0
D27094	0	0	0	0	0	0	0	0	0	1	0	1	0	0	0	0	0	0	0	0
